{"stats":{"minecraft:dropped":{"minecraft:jungle_button":12,"minecraft:hopper":3,"waystones:waystone":1},"minecraft:killed":{"minecraft:spider":1,"minecraft:skeleton":2,"minecraft:drowned":8,"minecraft:pig":1,"spore:inf_player":9,"spore:inf_wanderer":1,"spore:inf_drowned":1,"minecraft:creeper":1,"spore:inf_pillager":4,"minecraft:sheep":4,"spore:inf_villager":2,"spore:inf_human":9,"minecraft:zombie":4,"iceandfire:ghost":1,"spore:inf_husk":2,"minecraft:enderman":2,"minecraft:cow":1},"minecraft:custom":{"minecraft:mob_kills":54,"minecraft:interact_with_crafting_table":20,"minecraft:open_barrel":2,"minecraft:leave_game":4,"minecraft:time_since_death":14578,"minecraft:climb_one_cm":8291,"minecraft:sprint_one_cm":192129,"minecraft:walk_one_cm":410141,"minecraft:damage_blocked_by_shield":1880,"minecraft:drop":5,"minecraft:damage_dealt_absorbed":13,"minecraft:play_time":146385,"minecraft:deaths":20,"minecraft:sneak_time":9234,"minecraft:walk_under_water_one_cm":77272,"minecraft:boat_one_cm":387006,"minecraft:jump":2222,"minecraft:walk_on_water_one_cm":91888,"minecraft:total_world_time":146385,"minecraft:interact_with_furnace":5,"minecraft:interact_with_loom":3,"minecraft:sleep_in_bed":4,"minecraft:time_since_rest":14577,"minecraft:damage_taken":7782,"minecraft:damage_dealt":8886,"minecraft:swim_one_cm":172175,"minecraft:fly_one_cm":262223,"minecraft:open_chest":50,"minecraft:crouch_one_cm":22654,"tombstone:undead_killed":15,"minecraft:fall_one_cm":47758,"minecraft:inspect_dispenser":1},"minecraft:mined":{"spore:fungal_roots":6,"spore:wall_growths_big":38,"minecraft:spruce_planks":3,"spore:wall_growths":35,"minecraft:dark_oak_leaves":2,"minecraft:grass_block":5,"minecraft:jungle_log":23,"spore:fungal_stem":1,"minecraft:hopper":3,"spore:growths_small":2,"spore:blomfung":8,"spore:growth_mycelium":1,"minecraft:brown_bed":2,"minecraft:vine":3,"minecraft:bamboo":12,"minecraft:stone":91,"minecraft:quartz_block":4,"minecraft:kelp_plant":1,"spore:growths_big":2,"minecraft:tall_grass":10,"minecraft:cobblestone":1,"minecraft:diorite":20,"minecraft:tinted_glass":2,"spore:bloomfung2":29,"spore:fungal_stem_top":5,"minecraft:grass":9,"minecraft:coal_ore":56,"minecraft:oak_log":12,"minecraft:sand":3,"minecraft:dirt":13,"spore:hanging_fungal_stem":4,"minecraft:red_mushroom_block":31,"minecraft:stone_bricks":6,"minecraft:fern":1,"minecraft:oak_leaves":25,"spore:remains":2},"minecraft:used":{"minecraft:stone_sword":114,"minecraft:stone_shovel":7,"minecraft:spruce_planks":4,"minecraft:shield":30,"minecraft:iron_sword":148,"minecraft:torch":13,"minecraft:dirt":16,"minecraft:mutton":1,"minecraft:jungle_planks":38,"minecraft:milk_bucket":1,"minecraft:wooden_axe":3,"minecraft:bow":2,"minecraft:oak_sapling":1,"tombstone:gift":5,"minecraft:brown_bed":1,"minecraft:water_bucket":4,"minecraft:diorite":12,"minecraft:stone_pickaxe":191,"minecraft:oak_planks":1,"minecraft:wooden_pickaxe":6,"minecraft:jungle_boat":3,"minecraft:crafting_table":3,"minecraft:mushroom_stew":6,"minecraft:melon_slice":21,"minecraft:bread":23,"minecraft:stone_axe":67,"minecraft:cobblestone":132,"minecraft:cooked_porkchop":3,"minecraft:bucket":5,"minecraft:oak_boat":1},"minecraft:crafted":{"minecraft:jungle_button":12,"minecraft:oak_planks":52,"minecraft:stone_shovel":1,"minecraft:mushroom_stew":8,"minecraft:stone_pickaxe":2,"minecraft:cooked_porkchop":1,"minecraft:crafting_table":3,"minecraft:spruce_planks":4,"minecraft:jungle_boat":2,"minecraft:wooden_pickaxe":1,"minecraft:bowl":4,"minecraft:stone_axe":2,"minecraft:air":0,"minecraft:jungle_planks":100,"minecraft:oak_boat":1,"minecraft:shield":1,"minecraft:stick":32,"minecraft:stone_sword":2,"minecraft:torch":48},"minecraft:picked_up":{"spore:mutated_heart":1,"minecraft:flower_pot":1,"minecraft:brown_mushroom":9,"minecraft:brown_bed":2,"minecraft:spruce_planks":3,"minecraft:beef":1,"minecraft:oak_boat":1,"minecraft:melon_slice":21,"minecraft:light_gray_wool":1,"minecraft:tinted_glass":3,"minecraft:egg":4,"minecraft:stick":8,"minecraft:copper_ingot":1,"minecraft:porkchop":1,"iceandfire:rotten_egg":1,"minecraft:diorite":20,"tombstone:grave_dust":3,"minecraft:quartz_block":5,"minecraft:arrow":2,"minecraft:rotten_flesh":10,"sophisticatedbackpacks:copper_backpack":1,"minecraft:mutton":6,"minecraft:cobblestone":97,"minecraft:white_wool":2,"minecraft:jungle_boat":3,"minecraft:jungle_log":25,"minecraft:brown_wool":1,"minecraft:red_mushroom":9,"minecraft:oak_log":13,"iceandfire:ectoplasm":1,"minecraft:gunpowder":2,"minecraft:gray_concrete":4,"minecraft:dirt":35,"minecraft:bone":3,"minecraft:apple":1,"minecraft:stone_bricks":6,"minecraft:bow":1,"minecraft:wheat_seeds":2,"minecraft:iron_ingot":1,"spore:mutated_fiber":30,"minecraft:bamboo":70,"spore:cerebrum":2,"minecraft:cooked_porkchop":2,"minecraft:jungle_planks":5,"minecraft:sand":3,"waystones:waystone":1,"minecraft:chainmail_leggings":1,"minecraft:golden_apple":1,"minecraft:oak_sapling":4,"minecraft:coal":60,"minecraft:hopper":3,"minecraft:ender_pearl":1},"minecraft:killed_by":{"minecraft:player":1,"spore:busser":3,"minecraft:creeper":1,"spore:inf_human":1,"minecraft:drowned":4,"spore:inf_wanderer":1,"spore:inf_pillager":1,"spore:inf_player":5,"minecraft:skeleton":1}},"DataVersion":3465}