{"stats":{"minecraft:picked_up":{"minecraft:crafting_table":2,"minecraft:waxed_oxidized_cut_copper":4,"spore:mutated_heart":1,"spore:infested_dirt":1,"minecraft:diamond_sword":1,"minecraft:gold_block":1,"alexsmobs:gazelle_horn":2,"minecraft:red_bed":4,"minecraft:cyan_carpet":1,"minecraft:dark_prismarine_stairs":2,"minecraft:smooth_quartz":2,"minecraft:poppy":1,"minecraft:tinted_glass":19,"minecraft:birch_sapling":2,"minecraft:spruce_trapdoor":4,"spore:wing_membrane":1,"minecraft:glow_item_frame":1,"minecraft:note_block":2,"tombstone:grave_dust":4,"minecraft:arrow":24,"minecraft:rotten_flesh":8,"minecraft:black_banner":1,"minecraft:waxed_cut_copper":1,"minecraft:rail":1,"minecraft:birch_log":73,"minecraft:mud_bricks":1,"minecraft:feather":1,"minecraft:cooked_beef":18,"minecraft:leather":18,"minecraft:oak_log":13,"minecraft:chainmail_chestplate":1,"minecraft:gunpowder":2,"minecraft:dirt":4,"minecraft:purple_carpet":1,"minecraft:red_carpet":2,"minecraft:bone":12,"minecraft:gray_carpet":6,"minecraft:wheat_seeds":4,"minecraft:cooked_chicken":4,"spore:mutated_fiber":13,"minecraft:black_terracotta":24,"spore:cerebrum":2,"minecraft:cooked_porkchop":3,"spore:armor_fragment":1,"minecraft:spyglass":1,"minecraft:barrel":2,"minecraft:dark_prismarine":10,"minecraft:dark_prismarine_slab":1,"minecraft:purple_bed":1,"minecraft:diamond":1,"minecraft:diamond_axe":1,"minecraft:chainmail_helmet":1,"minecraft:oak_sapling":1,"minecraft:ender_pearl":1},"minecraft:killed_by":{"spore:busser":4,"minecraft:creeper":1,"spore:inf_human":2,"spore:sieger":1,"spore:braiomil":1,"minecraft:skeleton":10,"minecraft:zombie":7,"spore:stalker":1},"minecraft:killed":{"spore:braiomil":1,"minecraft:horse":4,"minecraft:skeleton":4,"minecraft:chicken":1,"minecraft:pig":2,"minecraft:creeper":1,"spore:inf_pillager":2,"spore:inf_villager":1,"spore:inf_human":6,"minecraft:zombie":4,"iceandfire:ghost":1,"alexsmobs:gazelle":1,"spore:busser":1,"spore:inf_husk":1,"minecraft:cow":5},"minecraft:broken":{"minecraft:iron_boots":1,"minecraft:iron_chestplate":1,"minecraft:iron_leggings":1},"minecraft:custom":{"minecraft:inspect_dropper":1,"minecraft:mob_kills":40,"minecraft:interact_with_crafting_table":9,"minecraft:open_barrel":14,"minecraft:leave_game":2,"minecraft:time_since_death":1585,"minecraft:climb_one_cm":7791,"minecraft:sprint_one_cm":228027,"minecraft:walk_one_cm":486817,"minecraft:damage_blocked_by_shield":1645,"minecraft:drop":35,"minecraft:play_noteblock":3,"minecraft:play_time":105763,"minecraft:deaths":30,"minecraft:sneak_time":17969,"minecraft:walk_under_water_one_cm":26505,"minecraft:jump":1887,"minecraft:walk_on_water_one_cm":26021,"minecraft:total_world_time":105763,"minecraft:sleep_in_bed":8,"minecraft:time_since_rest":1,"minecraft:open_enderchest":1,"minecraft:damage_taken":9937,"minecraft:damage_absorbed":40,"minecraft:damage_dealt":7336,"minecraft:swim_one_cm":32813,"minecraft:fly_one_cm":326282,"minecraft:open_chest":18,"minecraft:crouch_one_cm":55801,"tombstone:undead_killed":9,"minecraft:fall_one_cm":53352},"minecraft:dropped":{"minecraft:wheat_seeds":1,"minecraft:lilac":1,"minecraft:glow_item_frame":1,"minecraft:leather":5,"minecraft:rail":1,"minecraft:red_carpet":2,"minecraft:smooth_quartz":2,"minecraft:string":6,"spore:claw_fragment":1,"minecraft:gray_carpet":2,"minecraft:cyan_carpet":1,"minecraft:note_block":2,"alexsmobs:gazelle_horn":2,"minecraft:black_terracotta":1,"minecraft:diamond_sword":2,"minecraft:gunpowder":2,"minecraft:spruce_trapdoor":4,"minecraft:purple_bed":1,"minecraft:barrel":2},"minecraft:crafted":{"minecraft:oak_planks":52,"minecraft:chest":1,"minecraft:diamond_sword":1,"sophisticatedbackpacks:backpack":1,"minecraft:crafting_table":1,"minecraft:gold_block":10,"minecraft:bucket":1,"minecraft:birch_planks":292,"minecraft:diamond_pickaxe":1,"minecraft:shield":2,"minecraft:stick":8},"minecraft:used":{"minecraft:shield":27,"minecraft:tinted_glass":19,"minecraft:cooked_chicken":15,"minecraft:dirt":2,"minecraft:spyglass":33,"spore:infested_dirt":1,"minecraft:mud_bricks":1,"tombstone:gift":3,"minecraft:water_bucket":8,"minecraft:birch_planks":202,"minecraft:gray_carpet":4,"minecraft:oak_planks":12,"minecraft:waxed_oxidized_cut_copper":4,"minecraft:diamond_axe":94,"minecraft:golden_apple":1,"minecraft:crafting_table":2,"minecraft:red_bed":4,"minecraft:black_terracotta":23,"minecraft:dark_prismarine":10,"minecraft:diamond_pickaxe":80,"tombstone:grave_key":3,"minecraft:diamond_sword":121,"minecraft:turtle_helmet":1,"minecraft:bucket":9,"minecraft:chainmail_leggings":1},"minecraft:mined":{"minecraft:dark_prismarine_stairs":2,"minecraft:dark_prismarine":10,"minecraft:deepslate_diamond_ore":1,"minecraft:black_terracotta":30,"minecraft:mud_bricks":2,"minecraft:moss_block":2,"minecraft:spawner":5,"spore:mycelium_veins":13,"minecraft:waxed_oxidized_cut_copper":5,"minecraft:flowering_azalea_leaves":2,"minecraft:red_bed":4,"minecraft:crafting_table":2,"minecraft:note_block":2,"minecraft:tall_grass":2,"minecraft:spruce_stairs":2,"minecraft:purple_bed":1,"minecraft:tinted_glass":22,"spore:bloomfung2":1,"minecraft:birch_log":73,"minecraft:black_wall_banner":1,"minecraft:lilac":1,"minecraft:birch_leaves":8,"minecraft:dark_prismarine_slab":2,"minecraft:grass":4,"minecraft:oak_log":13,"minecraft:smooth_quartz":3,"minecraft:oak_leaves":1}},"DataVersion":3465}