{"stats":{"minecraft:custom":{"minecraft:jump":182,"minecraft:leave_game":1,"minecraft:time_since_rest":148,"minecraft:deaths":1,"minecraft:damage_taken":200,"minecraft:crouch_one_cm":174,"minecraft:sprint_one_cm":32525,"minecraft:play_time":6038,"minecraft:walk_on_water_one_cm":795,"minecraft:time_since_death":1317,"minecraft:walk_one_cm":14897,"minecraft:sneak_time":222,"minecraft:total_world_time":6038,"minecraft:walk_under_water_one_cm":573,"minecraft:swim_one_cm":10279,"minecraft:fall_one_cm":3965,"minecraft:fly_one_cm":47379},"minecraft:killed_by":{"spore:busser":1},"minecraft:picked_up":{"minecraft:oak_log":5},"minecraft:mined":{"minecraft:oak_log":5,"minecraft:oak_leaves":1},"minecraft:crafted":{"minecraft:crafting_table":1,"minecraft:stick":8,"minecraft:oak_planks":20}},"DataVersion":3465}