{"stats":{"minecraft:custom":{"minecraft:time_since_rest":4981,"minecraft:sprint_one_cm":73903,"minecraft:damage_taken":1410,"minecraft:walk_one_cm":124454,"minecraft:mob_kills":4,"minecraft:damage_dealt":715,"minecraft:swim_one_cm":55856,"minecraft:interact_with_crafting_table":6,"minecraft:fly_one_cm":75726,"minecraft:open_chest":6,"minecraft:crouch_one_cm":7279,"minecraft:play_time":42725,"tombstone:undead_killed":2,"minecraft:deaths":4,"minecraft:sneak_time":2905,"minecraft:walk_under_water_one_cm":14652,"minecraft:boat_one_cm":62602,"minecraft:jump":627,"minecraft:leave_game":2,"minecraft:time_since_death":7347,"minecraft:walk_on_water_one_cm":12413,"minecraft:total_world_time":42725,"minecraft:climb_one_cm":4815,"minecraft:fall_one_cm":14197},"minecraft:killed":{"minecraft:sheep":1,"iceandfire:ghost":1,"minecraft:drowned":1,"minecraft:cow":1},"minecraft:crafted":{"minecraft:oak_planks":4,"minecraft:crafting_table":1,"minecraft:stick":12,"minecraft:jungle_boat":2,"minecraft:stone_pickaxe":1,"minecraft:stone_sword":1,"minecraft:bowl":4,"minecraft:mushroom_stew":8,"minecraft:stone_axe":1,"minecraft:jungle_planks":68},"minecraft:mined":{"minecraft:dark_oak_leaves":2,"minecraft:kelp_plant":1,"minecraft:grass_block":1,"minecraft:oak_log":1,"minecraft:coal_ore":24,"minecraft:vine":3,"minecraft:jungle_log":15,"minecraft:sand":3,"minecraft:red_mushroom_block":31,"minecraft:stone":21,"minecraft:stone_bricks":6,"minecraft:oak_leaves":12,"spore:remains":1},"minecraft:used":{"minecraft:stone_sword":13,"minecraft:stone_pickaxe":53,"minecraft:jungle_boat":2,"minecraft:stone_axe":34,"minecraft:mutton":1,"minecraft:crafting_table":1,"minecraft:mushroom_stew":6,"minecraft:jungle_planks":29,"tombstone:gift":2},"minecraft:killed_by":{"spore:busser":2},"minecraft:picked_up":{"minecraft:stick":8,"minecraft:jungle_boat":1,"minecraft:jungle_log":17,"minecraft:brown_wool":1,"minecraft:brown_mushroom":9,"minecraft:red_mushroom":9,"minecraft:jungle_planks":5,"minecraft:sand":3,"minecraft:oak_log":1,"iceandfire:ectoplasm":1,"tombstone:grave_dust":1,"minecraft:dirt":1,"minecraft:apple":1,"minecraft:rotten_flesh":2,"minecraft:stone_bricks":6,"minecraft:beef":1,"minecraft:oak_sapling":1,"minecraft:coal":24,"minecraft:mutton":1,"minecraft:cobblestone":27}},"DataVersion":3465}