{"stats":{"minecraft:dropped":{"minecraft:note_block":2,"minecraft:wheat_seeds":1,"alexsmobs:gazelle_horn":2,"minecraft:lilac":1,"minecraft:black_terracotta":1,"minecraft:glow_item_frame":1,"minecraft:leather":5,"minecraft:rail":1,"minecraft:red_carpet":2,"minecraft:diamond_sword":1,"minecraft:gunpowder":2,"minecraft:spruce_trapdoor":4,"minecraft:smooth_quartz":2,"minecraft:barrel":2,"minecraft:string":6,"spore:claw_fragment":1,"minecraft:gray_carpet":2,"minecraft:cyan_carpet":1},"minecraft:custom":{"minecraft:inspect_dropper":1,"minecraft:mob_kills":30,"minecraft:interact_with_crafting_table":9,"minecraft:open_barrel":14,"minecraft:leave_game":2,"minecraft:time_since_death":14214,"minecraft:sleep_in_bed":8,"minecraft:climb_one_cm":6596,"minecraft:damage_absorbed":40,"minecraft:time_since_rest":10247,"minecraft:sprint_one_cm":128549,"minecraft:open_enderchest":1,"minecraft:damage_taken":6961,"minecraft:walk_one_cm":392101,"minecraft:damage_blocked_by_shield":690,"minecraft:drop":33,"minecraft:damage_dealt":4879,"minecraft:play_noteblock":3,"minecraft:swim_one_cm":20152,"minecraft:fly_one_cm":195712,"minecraft:open_chest":18,"minecraft:crouch_one_cm":27944,"minecraft:play_time":67334,"tombstone:undead_killed":6,"minecraft:deaths":22,"minecraft:sneak_time":9330,"minecraft:walk_under_water_one_cm":20783,"minecraft:jump":1087,"minecraft:walk_on_water_one_cm":12438,"minecraft:total_world_time":67334,"minecraft:fall_one_cm":30679},"minecraft:killed_by":{"spore:busser":2,"minecraft:skeleton":10,"minecraft:creeper":1,"minecraft:zombie":7,"spore:inf_human":1},"minecraft:picked_up":{"spore:mutated_heart":1,"minecraft:crafting_table":2,"minecraft:waxed_oxidized_cut_copper":4,"minecraft:mud_bricks":1,"minecraft:cooked_beef":15,"minecraft:leather":17,"minecraft:gold_block":1,"minecraft:oak_log":13,"minecraft:gunpowder":2,"alexsmobs:gazelle_horn":2,"minecraft:red_bed":4,"minecraft:purple_carpet":1,"minecraft:red_carpet":2,"minecraft:bone":12,"minecraft:cyan_carpet":1,"minecraft:gray_carpet":6,"minecraft:wheat_seeds":4,"minecraft:dark_prismarine_stairs":2,"minecraft:smooth_quartz":2,"spore:mutated_fiber":10,"minecraft:tinted_glass":19,"minecraft:spruce_trapdoor":4,"spore:cerebrum":1,"minecraft:black_terracotta":24,"minecraft:cooked_porkchop":3,"spore:wing_membrane":1,"minecraft:glow_item_frame":1,"spore:armor_fragment":1,"minecraft:spyglass":1,"minecraft:note_block":2,"tombstone:grave_dust":4,"minecraft:barrel":2,"minecraft:dark_prismarine":10,"minecraft:dark_prismarine_slab":1,"minecraft:arrow":24,"minecraft:rotten_flesh":2,"minecraft:diamond":1,"minecraft:diamond_axe":1,"minecraft:black_banner":1,"minecraft:waxed_cut_copper":1,"minecraft:rail":1,"minecraft:ender_pearl":1},"minecraft:killed":{"minecraft:pig":2,"spore:braiomil":1,"minecraft:creeper":1,"minecraft:horse":4,"spore:inf_villager":1,"spore:inf_pillager":1,"minecraft:skeleton":4,"minecraft:zombie":1,"spore:inf_human":3,"iceandfire:ghost":1,"alexsmobs:gazelle":1,"spore:busser":1,"spore:inf_husk":1,"minecraft:cow":4},"minecraft:used":{"minecraft:water_bucket":6,"minecraft:gray_carpet":4,"minecraft:oak_planks":12,"minecraft:waxed_oxidized_cut_copper":4,"minecraft:shield":9,"minecraft:tinted_glass":19,"minecraft:diamond_axe":12,"minecraft:cooked_chicken":8,"minecraft:golden_apple":1,"minecraft:spyglass":5,"minecraft:crafting_table":2,"minecraft:red_bed":4,"minecraft:black_terracotta":23,"minecraft:dark_prismarine":10,"minecraft:diamond_pickaxe":80,"tombstone:grave_key":1,"minecraft:mud_bricks":1,"minecraft:diamond_sword":75,"minecraft:turtle_helmet":1,"minecraft:bucket":7,"tombstone:gift":3,"minecraft:chainmail_leggings":1},"minecraft:broken":{"minecraft:iron_boots":1,"minecraft:iron_chestplate":1,"minecraft:iron_leggings":1},"minecraft:mined":{"minecraft:dark_prismarine_stairs":2,"minecraft:dark_prismarine":10,"minecraft:red_bed":4,"minecraft:deepslate_diamond_ore":1,"minecraft:black_terracotta":30,"minecraft:crafting_table":2,"minecraft:note_block":2,"minecraft:tall_grass":2,"minecraft:mud_bricks":2,"minecraft:moss_block":2,"minecraft:spawner":5,"minecraft:spruce_stairs":2,"minecraft:waxed_oxidized_cut_copper":5,"minecraft:tinted_glass":22,"minecraft:black_wall_banner":1,"minecraft:lilac":1,"minecraft:dark_prismarine_slab":2,"minecraft:grass":2,"minecraft:flowering_azalea_leaves":2,"minecraft:oak_log":13,"minecraft:smooth_quartz":3,"minecraft:oak_leaves":1},"minecraft:crafted":{"minecraft:oak_planks":52,"minecraft:diamond_sword":1,"sophisticatedbackpacks:backpack":1,"minecraft:crafting_table":1,"minecraft:gold_block":10,"minecraft:bucket":1,"minecraft:shield":2,"minecraft:diamond_pickaxe":1,"minecraft:stick":8,"minecraft:chest":1}},"DataVersion":3465}