{"stats":{"minecraft:custom":{"minecraft:interact_with_furnace":3,"minecraft:mob_kills":19,"minecraft:interact_with_crafting_table":16,"minecraft:open_barrel":1,"minecraft:interact_with_loom":1,"minecraft:leave_game":2,"minecraft:time_since_death":16668,"minecraft:sleep_in_bed":1,"minecraft:climb_one_cm":7489,"minecraft:time_since_rest":1236,"minecraft:sprint_one_cm":144521,"minecraft:damage_taken":4073,"minecraft:walk_one_cm":268452,"minecraft:damage_blocked_by_shield":840,"minecraft:drop":2,"minecraft:damage_dealt":3596,"minecraft:damage_dealt_absorbed":13,"minecraft:swim_one_cm":147006,"minecraft:fly_one_cm":159610,"minecraft:open_chest":18,"minecraft:crouch_one_cm":12573,"minecraft:play_time":102725,"tombstone:undead_killed":10,"minecraft:deaths":11,"minecraft:sneak_time":5281,"minecraft:walk_under_water_one_cm":57203,"minecraft:boat_one_cm":387006,"minecraft:jump":1530,"minecraft:walk_on_water_one_cm":64583,"minecraft:total_world_time":102725,"minecraft:fall_one_cm":32261},"minecraft:killed":{"spore:inf_player":1,"minecraft:sheep":4,"minecraft:skeleton":1,"iceandfire:ghost":1,"minecraft:drowned":8,"minecraft:enderman":2,"minecraft:cow":1},"minecraft:crafted":{"minecraft:jungle_button":12,"minecraft:oak_planks":48,"minecraft:cooked_porkchop":1,"minecraft:crafting_table":2,"minecraft:jungle_boat":2,"minecraft:wooden_pickaxe":1,"minecraft:bowl":4,"minecraft:mushroom_stew":8,"minecraft:stone_axe":2,"minecraft:air":0,"minecraft:jungle_planks":100,"minecraft:oak_boat":1,"minecraft:shield":1,"minecraft:stick":32,"minecraft:stone_pickaxe":2,"minecraft:stone_sword":2,"minecraft:torch":48},"minecraft:mined":{"minecraft:dark_oak_leaves":2,"minecraft:kelp_plant":1,"minecraft:grass_block":4,"minecraft:jungle_log":23,"minecraft:brown_bed":1,"minecraft:grass":1,"minecraft:coal_ore":56,"minecraft:oak_log":12,"minecraft:vine":3,"minecraft:dirt":4,"minecraft:sand":3,"minecraft:red_mushroom_block":31,"minecraft:stone_bricks":6,"minecraft:stone":35,"spore:remains":1,"minecraft:oak_leaves":25,"minecraft:fern":1},"minecraft:used":{"minecraft:stone_sword":65,"minecraft:stone_pickaxe":94,"minecraft:shield":8,"minecraft:wooden_pickaxe":6,"minecraft:jungle_boat":3,"minecraft:torch":2,"minecraft:dirt":16,"minecraft:mutton":1,"minecraft:crafting_table":1,"minecraft:mushroom_stew":6,"minecraft:jungle_planks":38,"minecraft:melon_slice":21,"minecraft:stone_axe":67,"minecraft:cobblestone":6,"minecraft:oak_sapling":1,"minecraft:cooked_porkchop":1,"tombstone:gift":3,"minecraft:oak_boat":1},"minecraft:killed_by":{"minecraft:player":1,"spore:busser":3,"minecraft:creeper":1,"minecraft:drowned":4},"minecraft:dropped":{"minecraft:jungle_button":12,"waystones:waystone":1},"minecraft:picked_up":{"minecraft:jungle_boat":3,"minecraft:jungle_log":25,"minecraft:brown_wool":1,"minecraft:brown_mushroom":9,"minecraft:red_mushroom":9,"minecraft:brown_bed":1,"minecraft:oak_log":13,"iceandfire:ectoplasm":1,"minecraft:dirt":26,"minecraft:bone":1,"minecraft:stone_bricks":6,"minecraft:apple":1,"minecraft:bow":1,"minecraft:wheat_seeds":2,"minecraft:iron_ingot":1,"minecraft:beef":1,"minecraft:oak_boat":1,"minecraft:light_gray_wool":1,"minecraft:melon_slice":21,"minecraft:stick":8,"minecraft:copper_ingot":1,"minecraft:sand":3,"minecraft:jungle_planks":5,"tombstone:grave_dust":1,"minecraft:rotten_flesh":6,"waystones:waystone":1,"sophisticatedbackpacks:copper_backpack":1,"minecraft:oak_sapling":4,"minecraft:mutton":6,"minecraft:coal":60,"minecraft:white_wool":2,"minecraft:cobblestone":41,"minecraft:ender_pearl":1}},"DataVersion":3465}