{"stats":{"minecraft:custom":{"minecraft:time_since_rest":1,"minecraft:sprint_one_cm":19536,"minecraft:damage_taken":580,"minecraft:walk_one_cm":77401,"minecraft:mob_kills":4,"minecraft:damage_dealt":680,"minecraft:swim_one_cm":12577,"minecraft:interact_with_crafting_table":3,"minecraft:fly_one_cm":23654,"minecraft:crouch_one_cm":5291,"minecraft:deaths":1,"minecraft:play_time":20113,"tombstone:undead_killed":2,"minecraft:sneak_time":1913,"minecraft:walk_under_water_one_cm":3910,"minecraft:jump":304,"minecraft:leave_game":1,"minecraft:time_since_death":355,"minecraft:walk_on_water_one_cm":3942,"minecraft:climb_one_cm":2404,"minecraft:total_world_time":20113,"minecraft:fall_one_cm":8311},"minecraft:killed":{"minecraft:sheep":1,"iceandfire:ghost":1,"minecraft:drowned":1,"minecraft:cow":1},"minecraft:crafted":{"minecraft:crafting_table":1,"minecraft:stick":12,"minecraft:stone_pickaxe":1,"minecraft:stone_sword":1,"minecraft:bowl":4,"minecraft:mushroom_stew":8,"minecraft:stone_axe":1,"minecraft:jungle_planks":52},"minecraft:mined":{"minecraft:dark_oak_leaves":2,"minecraft:coal_ore":24,"minecraft:vine":2,"minecraft:jungle_log":11,"minecraft:sand":3,"minecraft:red_mushroom_block":31,"minecraft:stone":21,"minecraft:stone_bricks":6,"spore:remains":1},"minecraft:used":{"minecraft:stone_sword":11,"minecraft:stone_pickaxe":53,"minecraft:stone_axe":34,"minecraft:mutton":1,"minecraft:crafting_table":1,"minecraft:mushroom_stew":6,"minecraft:jungle_planks":29},"minecraft:picked_up":{"minecraft:stick":7,"minecraft:jungle_log":13,"minecraft:brown_wool":1,"minecraft:brown_mushroom":9,"minecraft:red_mushroom":9,"minecraft:jungle_planks":5,"minecraft:sand":3,"iceandfire:ectoplasm":1,"tombstone:grave_dust":1,"minecraft:rotten_flesh":2,"minecraft:stone_bricks":6,"minecraft:beef":1,"minecraft:mutton":1,"minecraft:coal":24,"minecraft:cobblestone":27}},"DataVersion":3465}