{"stats":{"minecraft:dropped":{"minecraft:note_block":2,"minecraft:wheat_seeds":1,"minecraft:lilac":1,"minecraft:black_terracotta":1,"minecraft:glow_item_frame":1,"minecraft:rail":1,"minecraft:red_carpet":2,"minecraft:gunpowder":2,"minecraft:spruce_trapdoor":4,"minecraft:barrel":2,"minecraft:string":1,"spore:claw_fragment":1,"minecraft:gray_carpet":2},"minecraft:custom":{"minecraft:mob_kills":9,"minecraft:interact_with_crafting_table":7,"minecraft:open_barrel":14,"minecraft:leave_game":1,"minecraft:time_since_death":7802,"minecraft:sleep_in_bed":6,"minecraft:climb_one_cm":5008,"minecraft:time_since_rest":6336,"minecraft:sprint_one_cm":80980,"minecraft:open_enderchest":1,"minecraft:damage_taken":6388,"minecraft:walk_one_cm":338551,"minecraft:damage_blocked_by_shield":465,"minecraft:drop":17,"minecraft:damage_dealt":1786,"minecraft:play_noteblock":3,"minecraft:swim_one_cm":12801,"minecraft:fly_one_cm":116058,"minecraft:open_chest":16,"minecraft:crouch_one_cm":20866,"minecraft:play_time":50828,"tombstone:undead_killed":6,"minecraft:deaths":21,"minecraft:sneak_time":6782,"minecraft:walk_under_water_one_cm":19622,"minecraft:jump":698,"minecraft:walk_on_water_one_cm":8300,"minecraft:total_world_time":50828,"minecraft:fall_one_cm":17480},"minecraft:killed_by":{"spore:busser":2,"minecraft:skeleton":10,"minecraft:creeper":1,"minecraft:zombie":7},"minecraft:picked_up":{"minecraft:crafting_table":1,"minecraft:waxed_oxidized_cut_copper":4,"minecraft:mud_bricks":1,"minecraft:gold_block":1,"minecraft:oak_log":5,"minecraft:gunpowder":2,"minecraft:red_bed":4,"minecraft:purple_carpet":1,"minecraft:red_carpet":2,"minecraft:bone":12,"minecraft:cyan_carpet":1,"minecraft:gray_carpet":6,"minecraft:wheat_seeds":2,"minecraft:dark_prismarine_stairs":2,"minecraft:tinted_glass":19,"minecraft:spruce_trapdoor":4,"spore:cerebrum":1,"minecraft:black_terracotta":24,"spore:wing_membrane":1,"minecraft:glow_item_frame":1,"spore:armor_fragment":1,"minecraft:note_block":2,"tombstone:grave_dust":4,"minecraft:barrel":2,"minecraft:dark_prismarine":10,"minecraft:dark_prismarine_slab":1,"minecraft:arrow":22,"minecraft:rotten_flesh":2,"minecraft:diamond":1,"minecraft:diamond_axe":1,"minecraft:black_banner":1,"minecraft:waxed_cut_copper":1,"minecraft:rail":1,"minecraft:ender_pearl":1},"minecraft:killed":{"spore:braiomil":1,"minecraft:creeper":1,"minecraft:skeleton":4,"minecraft:zombie":1,"iceandfire:ghost":1,"spore:busser":1},"minecraft:used":{"minecraft:water_bucket":5,"minecraft:gray_carpet":4,"minecraft:oak_planks":12,"minecraft:waxed_oxidized_cut_copper":4,"minecraft:shield":5,"minecraft:tinted_glass":19,"minecraft:diamond_axe":1,"minecraft:cooked_chicken":2,"minecraft:crafting_table":1,"minecraft:red_bed":4,"minecraft:black_terracotta":23,"minecraft:dark_prismarine":7,"minecraft:diamond_pickaxe":77,"minecraft:mud_bricks":1,"minecraft:diamond_sword":40,"minecraft:turtle_helmet":1,"minecraft:bucket":6,"tombstone:gift":3,"minecraft:chainmail_leggings":1},"minecraft:broken":{"minecraft:iron_boots":1,"minecraft:iron_chestplate":1,"minecraft:iron_leggings":1},"minecraft:mined":{"minecraft:dark_prismarine_stairs":2,"minecraft:dark_prismarine":10,"minecraft:red_bed":4,"minecraft:deepslate_diamond_ore":1,"minecraft:black_terracotta":30,"minecraft:crafting_table":1,"minecraft:note_block":2,"minecraft:mud_bricks":2,"minecraft:moss_block":2,"minecraft:spawner":5,"minecraft:waxed_oxidized_cut_copper":5,"minecraft:tinted_glass":22,"minecraft:black_wall_banner":1,"minecraft:lilac":1,"minecraft:dark_prismarine_slab":2,"minecraft:grass":1,"minecraft:flowering_azalea_leaves":2,"minecraft:oak_log":5,"minecraft:oak_leaves":1},"minecraft:crafted":{"minecraft:oak_planks":20,"minecraft:diamond_sword":1,"minecraft:crafting_table":1,"minecraft:gold_block":10,"minecraft:bucket":1,"minecraft:shield":2,"minecraft:diamond_pickaxe":1,"minecraft:stick":8}},"DataVersion":3465}