{"stats":{"minecraft:killed_by":{"minecraft:player":1,"spore:busser":4,"minecraft:creeper":2,"minecraft:spider":1,"spore:inf_human":2,"minecraft:drowned":4,"spore:inf_wanderer":2,"iceandfire:sea_serpent":1,"spore:inf_pillager":1,"spore:inf_player":5,"iceandfire:ice_dragon":1,"minecraft:skeleton":1,"spore:brot":2,"iceandfire:fire_dragon":25},"minecraft:used":{"minecraft:stone_sword":114,"minecraft:stone_shovel":7,"minecraft:oak_sign":2,"minecraft:spruce_planks":4,"minecraft:shield":81,"minecraft:iron_sword":373,"minecraft:torch":50,"minecraft:dirt":16,"minecraft:mutton":1,"minecraft:jungle_planks":38,"minecraft:milk_bucket":1,"minecraft:wooden_axe":17,"minecraft:grass_block":1,"minecraft:bow":7,"minecraft:oak_sapling":1,"minecraft:furnace":2,"tombstone:gift":5,"minecraft:cobbled_deepslate":2,"minecraft:brown_bed":3,"minecraft:water_bucket":14,"minecraft:diorite":18,"minecraft:stone_pickaxe":391,"minecraft:oak_planks":1,"minecraft:ender_pearl":1,"minecraft:wooden_pickaxe":6,"minecraft:cobblestone_slab":2,"minecraft:jungle_boat":9,"minecraft:crafting_table":10,"minecraft:mushroom_stew":6,"minecraft:white_bed":1,"minecraft:bread":63,"minecraft:melon_slice":21,"minecraft:iron_pickaxe":81,"tombstone:grave_key":6,"minecraft:stone_axe":67,"iceandfire:chared_gravel":1,"minecraft:cobblestone":201,"minecraft:cooked_porkchop":3,"minecraft:bucket":15,"minecraft:oak_boat":1},"minecraft:picked_up":{"minecraft:crafting_table":3,"spore:mutated_heart":2,"minecraft:flower_pot":1,"minecraft:chicken":1,"minecraft:brown_mushroom":9,"minecraft:brown_bed":3,"minecraft:chain":2,"minecraft:string":10,"minecraft:oak_sign":2,"minecraft:gold_nugget":1870,"minecraft:cobbled_deepslate":5,"minecraft:spruce_planks":3,"minecraft:beef":6,"minecraft:oak_boat":1,"minecraft:cobblestone_slab":1,"minecraft:poppy":1,"minecraft:melon_slice":21,"minecraft:light_gray_wool":1,"minecraft:tinted_glass":3,"minecraft:chest":9,"minecraft:furnace":2,"minecraft:egg":5,"minecraft:stick":9,"minecraft:raw_iron":10,"minecraft:copper_ingot":1,"minecraft:oak_fence":1,"minecraft:torch":1,"minecraft:porkchop":1,"iceandfire:rotten_egg":2,"tombstone:grave_dust":7,"minecraft:diorite":20,"minecraft:quartz_block":5,"minecraft:rotten_flesh":17,"minecraft:arrow":10,"minecraft:hay_block":10,"sophisticatedbackpacks:copper_backpack":1,"minecraft:mutton":7,"minecraft:white_wool":5,"minecraft:cobblestone":158,"minecraft:jungle_boat":9,"minecraft:feather":2,"minecraft:jungle_log":25,"minecraft:brown_wool":1,"minecraft:leather":7,"minecraft:red_mushroom":9,"alexsmobs:bear_fur":2,"minecraft:oak_log":14,"iceandfire:ectoplasm":1,"minecraft:gunpowder":2,"minecraft:gray_concrete":4,"minecraft:dirt":43,"minecraft:cooked_mutton":1,"minecraft:bone":17,"minecraft:apple":1,"minecraft:stone_bricks":6,"minecraft:bow":1,"minecraft:wheat_seeds":3,"minecraft:raw_gold":3,"minecraft:iron_ingot":1,"minecraft:cobweb":14,"spore:mutated_fiber":50,"minecraft:bamboo":70,"minecraft:book":2,"spore:cerebrum":4,"minecraft:cooked_porkchop":2,"iceandfire:ash":1,"minecraft:sand":3,"minecraft:jungle_planks":5,"minecraft:ink_sac":10,"minecraft:grass_block":1,"waystones:waystone":1,"minecraft:chainmail_leggings":2,"minecraft:golden_apple":1,"iceandfire:chared_gravel":1,"tombstone:magic_scroll":1,"spore:spine_fragment":4,"minecraft:oak_sapling":6,"minecraft:coal":60,"minecraft:hopper":3,"minecraft:ender_pearl":3},"minecraft:crafted":{"minecraft:jungle_button":12,"minecraft:oak_planks":56,"minecraft:cobblestone_slab":6,"minecraft:stone_shovel":1,"minecraft:oak_sign":3,"minecraft:furnace":1,"minecraft:mushroom_stew":8,"minecraft:stone_pickaxe":4,"minecraft:wheat":90,"minecraft:cooked_porkchop":1,"minecraft:crafting_table":7,"iceandfire:blindfold":1,"minecraft:spruce_planks":4,"minecraft:jungle_boat":2,"minecraft:wooden_pickaxe":1,"minecraft:iron_sword":1,"minecraft:bowl":4,"minecraft:gold_block":19,"minecraft:stone_axe":2,"minecraft:bread":30,"minecraft:air":0,"minecraft:jungle_planks":100,"minecraft:oak_boat":1,"minecraft:shield":3,"minecraft:stick":36,"minecraft:iron_ingot":10,"minecraft:iron_pickaxe":1,"minecraft:stone_sword":2,"minecraft:gold_ingot":215,"minecraft:white_bed":1,"minecraft:torch":68},"minecraft:broken":{"minecraft:chainmail_leggings":1,"minecraft:iron_boots":1,"minecraft:iron_chestplate":1,"minecraft:iron_leggings":1,"minecraft:stone_pickaxe":2,"minecraft:shield":2,"minecraft:iron_sword":1,"minecraft:iron_helmet":1},"minecraft:custom":{"minecraft:mob_kills":103,"minecraft:interact_with_crafting_table":48,"minecraft:open_barrel":2,"minecraft:leave_game":11,"minecraft:time_since_death":1539,"minecraft:climb_one_cm":10217,"minecraft:sprint_one_cm":601087,"minecraft:walk_one_cm":751769,"minecraft:damage_blocked_by_shield":4805,"minecraft:drop":29,"minecraft:damage_dealt_absorbed":13,"minecraft:play_time":274403,"minecraft:sneak_time":12450,"minecraft:deaths":55,"minecraft:walk_under_water_one_cm":110800,"minecraft:boat_one_cm":473496,"minecraft:jump":6064,"minecraft:walk_on_water_one_cm":125943,"minecraft:total_world_time":274403,"minecraft:interact_with_furnace":16,"minecraft:interact_with_loom":3,"minecraft:sleep_in_bed":9,"minecraft:time_since_rest":114,"minecraft:damage_taken":18439,"minecraft:damage_dealt":20965,"minecraft:swim_one_cm":270813,"minecraft:fly_one_cm":1060974,"minecraft:open_chest":88,"minecraft:crouch_one_cm":27294,"tombstone:undead_killed":35,"minecraft:inspect_dispenser":1,"minecraft:fall_one_cm":154000},"minecraft:mined":{"spore:fungal_roots":6,"minecraft:spruce_planks":3,"spore:wall_growths_big":38,"spore:wall_growths":35,"minecraft:dark_oak_leaves":2,"minecraft:grass_block":6,"minecraft:jungle_log":23,"spore:fungal_stem":1,"minecraft:spruce_leaves":3,"minecraft:hopper":3,"minecraft:oak_wall_sign":2,"spore:growths_small":2,"minecraft:large_fern":2,"minecraft:hay_block":10,"minecraft:furnace":2,"minecraft:iron_ore":1,"spore:blomfung":8,"minecraft:fire":3,"iceandfire:chared_gravel":1,"spore:growth_mycelium":1,"minecraft:brown_bed":3,"iceandfire:gold_pile":196,"minecraft:deepslate_iron_ore":9,"minecraft:cobblestone_slab":1,"minecraft:vine":4,"minecraft:bamboo":12,"minecraft:stone":137,"minecraft:quartz_block":4,"minecraft:kelp_plant":1,"iceandfire:dragon_ice_spikes":1,"spore:growths_big":2,"minecraft:crafting_table":3,"minecraft:chest":9,"minecraft:tall_grass":14,"minecraft:cobblestone":17,"minecraft:diorite":20,"minecraft:seagrass":1,"minecraft:tinted_glass":2,"spore:bloomfung2":29,"spore:fungal_stem_top":5,"minecraft:grass":12,"minecraft:oak_log":13,"minecraft:coal_ore":56,"minecraft:sand":3,"minecraft:dirt":14,"spore:hanging_fungal_stem":4,"minecraft:cobweb":5,"minecraft:red_mushroom_block":31,"minecraft:stone_bricks":6,"minecraft:gold_ore":3,"spore:remains":2,"minecraft:oak_leaves":27,"minecraft:deepslate":3,"minecraft:fern":1},"minecraft:killed":{"minecraft:spider":5,"minecraft:skeleton":12,"minecraft:horse":2,"minecraft:chicken":1,"minecraft:drowned":8,"minecraft:pig":1,"alexsmobs:grizzly_bear":1,"spore:inf_player":9,"spore:inf_wanderer":4,"spore:inf_drowned":1,"minecraft:creeper":1,"spore:inf_pillager":6,"minecraft:sheep":5,"spore:inf_villager":5,"minecraft:zombie":13,"spore:inf_human":17,"iceandfire:ghost":1,"spore:inf_husk":3,"minecraft:cow":3,"minecraft:enderman":4},"minecraft:dropped":{"minecraft:cobblestone":4,"minecraft:diorite":2,"minecraft:milk_bucket":1,"minecraft:jungle_button":12,"iceandfire:blindfold":1,"minecraft:ink_sac":3,"minecraft:bone":1,"minecraft:gravel":7,"minecraft:cobbled_deepslate":1,"alexsmobs:bear_fur":2,"minecraft:poppy":1,"minecraft:hopper":3,"minecraft:arrow":1,"waystones:waystone":1}},"DataVersion":3465}