{"stats":{"minecraft:crafted":{"minecraft:birch_planks":4},"minecraft:mined":{"minecraft:birch_log":1,"minecraft:grass":53,"minecraft:tall_grass":14},"minecraft:picked_up":{"iceandfire:dragon_skull_lightning":1,"iceandfire:dragonbone":16,"minecraft:wheat_seeds":10,"minecraft:birch_log":1},"minecraft:custom":{"minecraft:jump":333,"minecraft:time_since_rest":4618,"minecraft:sprint_one_cm":23003,"minecraft:play_time":12642,"minecraft:walk_on_water_one_cm":1287,"minecraft:time_since_death":12642,"minecraft:walk_one_cm":67637,"minecraft:sleep_in_bed":1,"minecraft:total_world_time":12642,"minecraft:walk_under_water_one_cm":179,"minecraft:fall_one_cm":6235,"minecraft:fly_one_cm":42165,"minecraft:interact_with_brewingstand":1,"minecraft:open_chest":3}},"DataVersion":3465}