{"stats":{"minecraft:custom":{"minecraft:mob_kills":9,"minecraft:interact_with_crafting_table":16,"minecraft:leave_game":2,"minecraft:time_since_death":1930,"minecraft:climb_one_cm":7477,"minecraft:time_since_rest":1133,"minecraft:sprint_one_cm":103502,"minecraft:damage_taken":3038,"minecraft:walk_one_cm":223934,"minecraft:damage_blocked_by_shield":480,"minecraft:drop":1,"minecraft:damage_dealt":2256,"minecraft:damage_dealt_absorbed":13,"minecraft:swim_one_cm":104597,"minecraft:fly_one_cm":93987,"minecraft:open_chest":17,"minecraft:crouch_one_cm":12293,"minecraft:play_time":78725,"tombstone:undead_killed":4,"minecraft:deaths":9,"minecraft:sneak_time":5088,"minecraft:walk_under_water_one_cm":37991,"minecraft:boat_one_cm":202999,"minecraft:jump":1048,"minecraft:walk_on_water_one_cm":41467,"minecraft:total_world_time":78725,"minecraft:fall_one_cm":18344},"minecraft:killed":{"spore:inf_player":1,"minecraft:sheep":1,"iceandfire:ghost":1,"minecraft:drowned":3,"minecraft:enderman":1,"minecraft:cow":1},"minecraft:crafted":{"minecraft:jungle_button":12,"minecraft:oak_planks":48,"minecraft:crafting_table":1,"minecraft:jungle_boat":2,"minecraft:wooden_pickaxe":1,"minecraft:bowl":4,"minecraft:mushroom_stew":8,"minecraft:stone_axe":2,"minecraft:jungle_planks":100,"minecraft:oak_boat":1,"minecraft:shield":1,"minecraft:stick":32,"minecraft:stone_pickaxe":2,"minecraft:stone_sword":2,"minecraft:torch":48},"minecraft:mined":{"minecraft:dark_oak_leaves":2,"minecraft:kelp_plant":1,"minecraft:grass_block":2,"minecraft:jungle_log":23,"minecraft:grass":1,"minecraft:coal_ore":56,"minecraft:oak_log":12,"minecraft:vine":3,"minecraft:sand":3,"minecraft:red_mushroom_block":31,"minecraft:stone_bricks":6,"minecraft:stone":35,"spore:remains":1,"minecraft:oak_leaves":25,"minecraft:fern":1},"minecraft:used":{"minecraft:stone_sword":30,"minecraft:stone_pickaxe":94,"minecraft:shield":5,"minecraft:wooden_pickaxe":6,"minecraft:jungle_boat":3,"minecraft:torch":2,"minecraft:dirt":16,"minecraft:mutton":1,"minecraft:crafting_table":1,"minecraft:mushroom_stew":6,"minecraft:jungle_planks":38,"minecraft:melon_slice":12,"minecraft:stone_axe":67,"minecraft:cobblestone":6,"minecraft:oak_sapling":1,"tombstone:gift":3,"minecraft:oak_boat":1},"minecraft:killed_by":{"minecraft:player":1,"spore:busser":2,"minecraft:drowned":4},"minecraft:dropped":{"minecraft:jungle_button":12},"minecraft:picked_up":{"minecraft:jungle_boat":2,"minecraft:jungle_log":25,"minecraft:brown_wool":1,"minecraft:brown_mushroom":9,"minecraft:red_mushroom":9,"minecraft:oak_log":13,"iceandfire:ectoplasm":1,"minecraft:dirt":19,"minecraft:stone_bricks":6,"minecraft:apple":1,"minecraft:wheat_seeds":2,"minecraft:iron_ingot":1,"minecraft:beef":1,"minecraft:oak_boat":1,"minecraft:melon_slice":21,"minecraft:stick":8,"minecraft:sand":3,"minecraft:jungle_planks":5,"tombstone:grave_dust":1,"minecraft:rotten_flesh":2,"minecraft:oak_sapling":4,"minecraft:mutton":1,"minecraft:coal":60,"minecraft:cobblestone":41,"minecraft:ender_pearl":1}},"DataVersion":3465}