{"stats":{"minecraft:killed":{"minecraft:spider":1,"minecraft:horse":2,"minecraft:skeleton":5,"minecraft:chicken":1,"minecraft:drowned":8,"minecraft:pig":1,"alexsmobs:grizzly_bear":1,"spore:inf_player":9,"spore:inf_wanderer":4,"spore:inf_drowned":1,"minecraft:creeper":1,"spore:inf_pillager":5,"minecraft:sheep":5,"spore:inf_villager":5,"spore:inf_human":16,"minecraft:zombie":8,"iceandfire:ghost":1,"spore:inf_husk":2,"minecraft:cow":3,"minecraft:enderman":2},"minecraft:dropped":{"minecraft:cobblestone":4,"minecraft:milk_bucket":1,"minecraft:jungle_button":12,"minecraft:diorite":2,"minecraft:gravel":7,"minecraft:cobbled_deepslate":1,"alexsmobs:bear_fur":2,"minecraft:hopper":3,"waystones:waystone":1},"minecraft:custom":{"minecraft:mob_kills":82,"minecraft:interact_with_crafting_table":27,"minecraft:open_barrel":2,"minecraft:leave_game":6,"minecraft:time_since_death":25265,"minecraft:climb_one_cm":9387,"minecraft:sprint_one_cm":322941,"minecraft:walk_one_cm":540995,"minecraft:damage_blocked_by_shield":3440,"minecraft:drop":22,"minecraft:damage_dealt_absorbed":13,"minecraft:play_time":192597,"minecraft:deaths":24,"minecraft:sneak_time":10956,"minecraft:walk_under_water_one_cm":102668,"minecraft:boat_one_cm":428991,"minecraft:jump":3581,"minecraft:walk_on_water_one_cm":103866,"minecraft:total_world_time":192597,"minecraft:interact_with_furnace":16,"minecraft:interact_with_loom":3,"minecraft:sleep_in_bed":6,"minecraft:time_since_rest":12988,"minecraft:damage_taken":9567,"minecraft:damage_dealt":14542,"minecraft:swim_one_cm":191526,"minecraft:fly_one_cm":493921,"minecraft:open_chest":51,"minecraft:crouch_one_cm":25356,"tombstone:undead_killed":22,"minecraft:fall_one_cm":91370,"minecraft:inspect_dispenser":1},"minecraft:mined":{"spore:fungal_roots":6,"minecraft:spruce_planks":3,"spore:wall_growths_big":38,"spore:wall_growths":35,"minecraft:dark_oak_leaves":2,"minecraft:grass_block":6,"minecraft:jungle_log":23,"spore:fungal_stem":1,"minecraft:spruce_leaves":3,"minecraft:hopper":3,"spore:growths_small":2,"minecraft:oak_wall_sign":2,"minecraft:large_fern":2,"minecraft:hay_block":10,"minecraft:furnace":2,"spore:blomfung":8,"minecraft:iron_ore":1,"spore:growth_mycelium":1,"minecraft:brown_bed":2,"minecraft:deepslate_iron_ore":9,"minecraft:vine":3,"minecraft:bamboo":12,"minecraft:stone":118,"minecraft:quartz_block":4,"minecraft:kelp_plant":1,"spore:growths_big":2,"minecraft:crafting_table":2,"minecraft:tall_grass":10,"minecraft:cobblestone":15,"minecraft:diorite":20,"minecraft:tinted_glass":2,"spore:bloomfung2":29,"spore:fungal_stem_top":5,"minecraft:grass":9,"minecraft:oak_log":12,"minecraft:coal_ore":56,"minecraft:sand":3,"minecraft:dirt":14,"spore:hanging_fungal_stem":4,"minecraft:red_mushroom_block":31,"minecraft:stone_bricks":6,"minecraft:gold_ore":3,"minecraft:deepslate":3,"minecraft:oak_leaves":25,"spore:remains":2,"minecraft:fern":1},"minecraft:broken":{"minecraft:stone_pickaxe":1,"minecraft:shield":1},"minecraft:used":{"minecraft:stone_sword":114,"minecraft:stone_shovel":7,"minecraft:oak_sign":2,"minecraft:spruce_planks":4,"minecraft:shield":52,"minecraft:iron_sword":249,"minecraft:torch":47,"minecraft:dirt":16,"minecraft:mutton":1,"minecraft:jungle_planks":38,"minecraft:milk_bucket":1,"minecraft:wooden_axe":7,"minecraft:bow":2,"minecraft:furnace":2,"minecraft:oak_sapling":1,"tombstone:gift":5,"minecraft:cobbled_deepslate":2,"minecraft:brown_bed":1,"minecraft:water_bucket":7,"minecraft:diorite":18,"minecraft:stone_pickaxe":247,"minecraft:oak_planks":1,"minecraft:wooden_pickaxe":6,"minecraft:jungle_boat":6,"minecraft:crafting_table":6,"minecraft:mushroom_stew":6,"minecraft:melon_slice":21,"minecraft:bread":45,"minecraft:iron_pickaxe":3,"minecraft:stone_axe":67,"minecraft:cobblestone":189,"minecraft:cooked_porkchop":3,"minecraft:bucket":8,"minecraft:oak_boat":1},"minecraft:crafted":{"minecraft:jungle_button":12,"minecraft:oak_planks":52,"minecraft:stone_shovel":1,"minecraft:oak_sign":3,"minecraft:furnace":1,"minecraft:mushroom_stew":8,"minecraft:stone_pickaxe":4,"minecraft:wheat":90,"minecraft:cooked_porkchop":1,"minecraft:crafting_table":5,"minecraft:spruce_planks":4,"minecraft:jungle_boat":2,"minecraft:wooden_pickaxe":1,"minecraft:bowl":4,"minecraft:stone_axe":2,"minecraft:bread":30,"minecraft:air":0,"minecraft:jungle_planks":100,"minecraft:oak_boat":1,"minecraft:shield":2,"minecraft:stick":36,"minecraft:iron_ingot":10,"minecraft:iron_pickaxe":1,"minecraft:stone_sword":2,"minecraft:torch":48},"minecraft:picked_up":{"minecraft:crafting_table":2,"spore:mutated_heart":2,"minecraft:chicken":1,"minecraft:flower_pot":1,"minecraft:brown_mushroom":9,"minecraft:brown_bed":2,"minecraft:string":2,"minecraft:oak_sign":2,"minecraft:cobbled_deepslate":5,"minecraft:spruce_planks":3,"minecraft:beef":6,"minecraft:oak_boat":1,"minecraft:melon_slice":21,"minecraft:light_gray_wool":1,"minecraft:tinted_glass":3,"minecraft:furnace":2,"minecraft:egg":5,"minecraft:stick":9,"minecraft:raw_iron":10,"minecraft:copper_ingot":1,"minecraft:oak_fence":1,"minecraft:porkchop":1,"iceandfire:rotten_egg":1,"minecraft:diorite":20,"tombstone:grave_dust":4,"minecraft:quartz_block":5,"minecraft:rotten_flesh":12,"minecraft:arrow":4,"minecraft:hay_block":10,"sophisticatedbackpacks:copper_backpack":1,"minecraft:mutton":7,"minecraft:white_wool":3,"minecraft:cobblestone":138,"minecraft:feather":2,"minecraft:jungle_boat":6,"minecraft:jungle_log":25,"minecraft:leather":7,"minecraft:brown_wool":1,"minecraft:red_mushroom":9,"alexsmobs:bear_fur":2,"minecraft:oak_log":13,"iceandfire:ectoplasm":1,"minecraft:gunpowder":2,"minecraft:gray_concrete":4,"minecraft:dirt":37,"minecraft:bone":6,"minecraft:apple":1,"minecraft:stone_bricks":6,"minecraft:bow":1,"minecraft:wheat_seeds":2,"minecraft:raw_gold":3,"minecraft:iron_ingot":1,"spore:mutated_fiber":50,"minecraft:bamboo":70,"spore:cerebrum":4,"minecraft:cooked_porkchop":2,"minecraft:jungle_planks":5,"minecraft:sand":3,"waystones:waystone":1,"minecraft:chainmail_leggings":2,"minecraft:golden_apple":1,"spore:spine_fragment":2,"minecraft:oak_sapling":5,"minecraft:hopper":3,"minecraft:coal":60,"minecraft:ender_pearl":1},"minecraft:killed_by":{"minecraft:player":1,"spore:busser":4,"minecraft:creeper":1,"spore:inf_human":2,"minecraft:drowned":4,"spore:inf_wanderer":2,"spore:inf_pillager":1,"spore:inf_player":5,"minecraft:skeleton":1}},"DataVersion":3465}