{"stats":{"minecraft:dropped":{"minecraft:jungle_button":12,"waystones:waystone":1},"minecraft:killed":{"spore:inf_player":2,"spore:inf_wanderer":1,"minecraft:spider":1,"minecraft:creeper":1,"minecraft:sheep":4,"minecraft:skeleton":2,"minecraft:zombie":4,"spore:inf_human":6,"iceandfire:ghost":1,"minecraft:drowned":8,"minecraft:cow":1,"minecraft:enderman":2},"minecraft:custom":{"minecraft:interact_with_furnace":4,"minecraft:mob_kills":34,"minecraft:interact_with_crafting_table":19,"minecraft:open_barrel":1,"minecraft:interact_with_loom":3,"minecraft:leave_game":4,"minecraft:time_since_death":13433,"minecraft:sleep_in_bed":4,"minecraft:climb_one_cm":7489,"minecraft:time_since_rest":4683,"minecraft:sprint_one_cm":180907,"minecraft:damage_taken":5517,"minecraft:walk_one_cm":343223,"minecraft:damage_blocked_by_shield":1760,"minecraft:drop":2,"minecraft:damage_dealt":5777,"minecraft:damage_dealt_absorbed":13,"minecraft:swim_one_cm":153868,"minecraft:fly_one_cm":245589,"minecraft:open_chest":31,"minecraft:crouch_one_cm":13071,"minecraft:play_time":122385,"minecraft:sneak_time":5582,"tombstone:undead_killed":15,"minecraft:deaths":14,"minecraft:walk_under_water_one_cm":58486,"minecraft:boat_one_cm":387006,"minecraft:jump":1959,"minecraft:walk_on_water_one_cm":77755,"minecraft:total_world_time":122385,"minecraft:fall_one_cm":43971},"minecraft:mined":{"spore:fungal_roots":1,"minecraft:spruce_planks":3,"spore:wall_growths_big":4,"spore:wall_growths":6,"minecraft:quartz_block":1,"minecraft:dark_oak_leaves":2,"minecraft:kelp_plant":1,"spore:growths_big":1,"minecraft:grass_block":4,"minecraft:jungle_log":23,"minecraft:tall_grass":3,"minecraft:hopper":3,"spore:bloomfung2":22,"spore:blomfung":5,"spore:growth_mycelium":1,"minecraft:brown_bed":2,"spore:fungal_stem_top":5,"minecraft:grass":6,"minecraft:oak_log":12,"minecraft:coal_ore":56,"minecraft:vine":3,"minecraft:sand":3,"minecraft:dirt":4,"minecraft:red_mushroom_block":31,"minecraft:stone":35,"minecraft:stone_bricks":6,"minecraft:oak_leaves":25,"spore:remains":1,"minecraft:fern":1},"minecraft:used":{"minecraft:water_bucket":2,"minecraft:stone_sword":114,"minecraft:stone_pickaxe":111,"minecraft:wooden_pickaxe":6,"minecraft:spruce_planks":4,"minecraft:shield":26,"minecraft:iron_sword":28,"minecraft:jungle_boat":3,"minecraft:torch":6,"minecraft:dirt":16,"minecraft:mutton":1,"minecraft:crafting_table":2,"minecraft:mushroom_stew":6,"minecraft:jungle_planks":38,"minecraft:milk_bucket":1,"minecraft:wooden_axe":3,"minecraft:bread":9,"minecraft:melon_slice":21,"minecraft:stone_axe":67,"minecraft:cobblestone":45,"minecraft:oak_sapling":1,"minecraft:cooked_porkchop":3,"minecraft:bucket":3,"tombstone:gift":5,"minecraft:oak_boat":1,"minecraft:brown_bed":1},"minecraft:crafted":{"minecraft:jungle_button":12,"minecraft:oak_planks":52,"minecraft:cooked_porkchop":1,"minecraft:crafting_table":2,"minecraft:spruce_planks":4,"minecraft:jungle_boat":2,"minecraft:wooden_pickaxe":1,"minecraft:bowl":4,"minecraft:mushroom_stew":8,"minecraft:stone_axe":2,"minecraft:air":0,"minecraft:jungle_planks":100,"minecraft:oak_boat":1,"minecraft:shield":1,"minecraft:stick":32,"minecraft:stone_pickaxe":2,"minecraft:stone_sword":2,"minecraft:torch":48},"minecraft:picked_up":{"minecraft:jungle_boat":3,"minecraft:jungle_log":25,"minecraft:brown_wool":1,"minecraft:brown_mushroom":9,"minecraft:red_mushroom":9,"minecraft:brown_bed":2,"minecraft:oak_log":13,"iceandfire:ectoplasm":1,"minecraft:gunpowder":2,"minecraft:gray_concrete":4,"minecraft:dirt":26,"minecraft:bone":3,"minecraft:stone_bricks":6,"minecraft:apple":1,"minecraft:bow":1,"minecraft:wheat_seeds":2,"minecraft:spruce_planks":3,"minecraft:iron_ingot":1,"minecraft:beef":1,"minecraft:oak_boat":1,"spore:mutated_fiber":6,"minecraft:light_gray_wool":1,"minecraft:melon_slice":21,"minecraft:egg":4,"minecraft:stick":8,"spore:cerebrum":1,"minecraft:cooked_porkchop":2,"minecraft:copper_ingot":1,"minecraft:sand":3,"minecraft:jungle_planks":5,"tombstone:grave_dust":3,"minecraft:quartz_block":2,"minecraft:arrow":2,"minecraft:rotten_flesh":10,"waystones:waystone":1,"sophisticatedbackpacks:copper_backpack":1,"minecraft:hopper":3,"minecraft:oak_sapling":4,"minecraft:mutton":6,"minecraft:coal":60,"minecraft:white_wool":2,"minecraft:cobblestone":41,"minecraft:ender_pearl":1},"minecraft:killed_by":{"minecraft:player":1,"spore:busser":3,"minecraft:skeleton":1,"minecraft:creeper":1,"spore:inf_human":1,"minecraft:drowned":4,"spore:inf_wanderer":1}},"DataVersion":3465}