{"stats":{"minecraft:picked_up":{"spore:incubator":1,"spore:mutated_heart":10,"minecraft:wheat":10,"minecraft:redstone_block":2,"minecraft:anvil":1,"minecraft:flower_pot":1,"minecraft:diamond_sword":6,"minecraft:enchanted_book":2,"minecraft:potion":1,"minecraft:dark_oak_trapdoor":2,"minecraft:string":73,"spore:innards":7,"minecraft:waxed_cut_copper_slab":8,"minecraft:waxed_exposed_cut_copper":3,"minecraft:spruce_planks":5,"minecraft:rose_bush":4,"minecraft:ender_eye":2,"minecraft:iron_pickaxe":1,"minecraft:smooth_quartz":7,"minecraft:melon_slice":22,"minecraft:crimson_sign":2,"minecraft:stick":18,"minecraft:spruce_stairs":2,"tombstone:grave_dust":9,"spore:biomass":126,"minecraft:brown_carpet":3,"minecraft:quartz_block":10,"minecraft:rotten_flesh":13,"minecraft:iron_bars":1,"minecraft:cobblestone":78,"minecraft:birch_log":21,"minecraft:leather_chestplate":1,"minecraft:cooked_beef":12,"minecraft:stripped_spruce_wood":2,"minecraft:gray_concrete":5,"minecraft:dirt":26,"minecraft:lantern":5,"minecraft:purple_carpet":1,"minecraft:bone":71,"minecraft:bow":3,"minecraft:wheat_seeds":4,"minecraft:dark_oak_sign":1,"minecraft:moss_block":5,"minecraft:oak_planks":8,"minecraft:black_terracotta":11,"spore:cerebrum":12,"spore:armor_fragment":19,"minecraft:stripped_acacia_wood":1,"minecraft:poisonous_potato":2,"minecraft:sand":3,"minecraft:black_stained_glass_pane":1,"inventorypets:pet_chicken":1,"minecraft:melon":4,"minecraft:lily_of_the_valley":1,"minecraft:diamond_block":12,"minecraft:barrel":19,"alexsmobs:animal_dictionary":2,"minecraft:dark_prismarine":1,"minecraft:bundle":2,"spore:claw_fragment":17,"minecraft:diamond":23,"minecraft:spruce_boat":1,"minecraft:lever":7,"minecraft:crossbow":1,"minecraft:golden_apple":18,"minecraft:white_concrete":2,"minecraft:chainmail_helmet":1,"minecraft:bread":1,"spore:spine_fragment":7,"minecraft:oak_sapling":21,"minecraft:light_blue_candle":1,"minecraft:dark_oak_fence":1,"minecraft:oak_leaves":3,"minecraft:waxed_oxidized_cut_copper":4,"minecraft:mud_brick_slab":2,"minecraft:crafting_table":3,"iceandfire:witherbone":1,"minecraft:ladder":2,"minecraft:redstone_lamp":1,"iceandfire:chain":1,"minecraft:cooked_rabbit":1,"minecraft:gold_block":7,"minecraft:crimson_trapdoor":1,"minecraft:chain":7,"minecraft:red_bed":1,"minecraft:moss_carpet":3,"minecraft:iron_axe":1,"minecraft:item_frame":1,"minecraft:beef":3,"minecraft:oak_boat":19,"spore:rooted_mycelium":2,"minecraft:player_head":2,"minecraft:poppy":1,"minecraft:spruce_slab":6,"minecraft:tinted_glass":3,"minecraft:chest":21,"minecraft:birch_sapling":6,"minecraft:spruce_trapdoor":5,"spore:tumor":2,"minecraft:glow_item_frame":3,"minecraft:copper_ingot":1,"minecraft:note_block":6,"minecraft:redstone":55,"minecraft:blue_carpet":1,"minecraft:dark_oak_planks":11,"minecraft:tnt":2,"minecraft:arrow":43,"minecraft:pumpkin_pie":3,"minecraft:cut_copper":19,"minecraft:waxed_oxidized_cut_copper_stairs":2,"minecraft:pink_tulip":1,"minecraft:gold_ingot":115,"minecraft:saddle":13,"spore:zoaholic":1,"spore:alveolic_sack":4,"minecraft:glow_berries":5,"spore:tendons":8,"minecraft:rail":1,"spore:altered_spleen":2,"minecraft:mud_bricks":15,"minecraft:tripwire_hook":8,"minecraft:leather":5,"minecraft:birch_planks":1,"minecraft:packed_mud":25,"minecraft:oak_log":88,"minecraft:gunpowder":11,"tombstone:gift":1,"minecraft:cooked_mutton":1,"minecraft:red_carpet":10,"spore:rotten_stair":3,"minecraft:gray_carpet":6,"minecraft:acacia_trapdoor":1,"minecraft:cooked_chicken":4,"spore:mutated_fiber":119,"minecraft:glass_bottle":23,"minecraft:oxidized_cut_copper":28,"minecraft:dark_oak_stairs":3,"minecraft:book":69,"minecraft:dark_oak_slab":7,"minecraft:daylight_detector":4,"minecraft:spyglass":2,"minecraft:mud_brick_wall":5,"minecraft:green_carpet":1,"minecraft:dried_kelp_block":2,"minecraft:stone_axe":1,"minecraft:light_blue_carpet":1,"tombstone:magic_scroll":2},"minecraft:killed_by":{"minecraft:creeper":3,"spore:inf_human":4,"minecraft:ravager":3,"spore:griefer":1,"spore:inf_pillager":3,"spore:spitter":1,"spore:inf_player":13,"spore:inf_villager":1,"minecraft:zombie":21,"spore:umarmed":1,"minecraft:player":3,"spore:usurper":1,"spore:lacerator":1,"spore:plagued":2,"spore:sieger":1,"minecraft:skeleton":30,"iceandfire:lightning_dragon":4,"iceandfire:ghost":1,"spore:brot":1},"minecraft:killed":{"spore:braiomil":1,"minecraft:spider":1,"spore:leaper":2,"minecraft:skeleton":64,"spore:inf_player":10,"spore:inf_wanderer":1,"minecraft:creeper":7,"spore:inf_villager":9,"spore:mound":1,"minecraft:zombie":16,"spore:inf_human":12,"spore:howler":1,"minecraft:cow":1,"spore:griefer":1,"alexsmobs:guster":1,"minecraft:ravager":1,"spore:inf_pillager":5,"iceandfire:ghost":1,"spore:busser":1,"minecraft:wither_skeleton":2,"spore:inf_husk":8},"minecraft:custom":{"minecraft:interact_with_crafting_table":24,"minecraft:open_barrel":69,"minecraft:eat_cake_slice":8,"minecraft:leave_game":5,"minecraft:time_since_death":2196,"minecraft:sprint_one_cm":947378,"minecraft:damage_blocked_by_shield":1125,"minecraft:drop":54,"minecraft:play_noteblock":5,"minecraft:play_time":325597,"minecraft:deaths":107,"minecraft:jump":3868,"minecraft:walk_on_water_one_cm":20151,"minecraft:sleep_in_bed":7,"tombstone:sneak_grave":3,"minecraft:damage_dealt":26954,"minecraft:crouch_one_cm":37953,"tombstone:undead_killed":86,"minecraft:interact_with_smoker":1,"minecraft:mob_kills":158,"minecraft:interact_with_anvil":1,"minecraft:climb_one_cm":24249,"minecraft:walk_one_cm":702265,"minecraft:sneak_time":25393,"minecraft:walk_under_water_one_cm":52337,"minecraft:boat_one_cm":2137,"minecraft:interact_with_blast_furnace":1,"minecraft:total_world_time":325597,"tombstone:raider_killed":1,"minecraft:tune_noteblock":3,"minecraft:pot_flower":1,"minecraft:time_since_rest":1933,"minecraft:damage_taken":36923,"minecraft:damage_absorbed":1264,"minecraft:swim_one_cm":79943,"minecraft:fly_one_cm":526878,"minecraft:open_chest":129,"minecraft:fall_one_cm":93285},"minecraft:broken":{"minecraft:golden_helmet":1,"minecraft:iron_boots":1,"minecraft:iron_chestplate":1,"minecraft:iron_leggings":1,"minecraft:chainmail_boots":1,"minecraft:golden_leggings":1,"minecraft:stone_axe":2,"minecraft:iron_sword":1,"minecraft:stone_sword":1,"minecraft:leather_chestplate":1,"minecraft:iron_helmet":1,"minecraft:turtle_helmet":1},"minecraft:dropped":{"minecraft:oak_log":79,"minecraft:mud_brick_slab":1,"minecraft:glow_item_frame":1,"minecraft:saddle":10,"minecraft:packed_mud":5,"minecraft:chain":2,"minecraft:sand":3,"minecraft:birch_log":21,"minecraft:white_wool":3,"minecraft:waxed_cut_copper_slab":2,"minecraft:note_block":1,"minecraft:spyglass":2,"minecraft:lever":6,"minecraft:birch_sapling":2,"spore:biomass":2,"minecraft:black_terracotta":4,"minecraft:poppy":1,"iceandfire:chain":2,"minecraft:gunpowder":5,"minecraft:enchanted_book":1,"minecraft:bread":1,"minecraft:milk_bucket":1,"minecraft:dried_kelp":12,"spore:mutated_heart":1,"minecraft:string":44,"minecraft:redstone_block":2,"spore:rooted_mycelium":1,"minecraft:stone_sword":1,"spore:mutated_fiber":4,"minecraft:stripped_acacia_wood":1,"minecraft:waxed_exposed_cut_copper":1,"minecraft:lily_of_the_valley":2},"minecraft:crafted":{"minecraft:oak_planks":24,"sophisticatedbackpacks:crafting_upgrade":1,"sophisticatedbackpacks:backpack":1,"minecraft:crafting_table":3,"sophisticatedbackpacks:upgrade_base":1,"minecraft:shield":1,"sophisticatedbackpacks:diamond_backpack":1,"minecraft:stick":8,"minecraft:stone_sword":3,"minecraft:stone_pickaxe":2,"minecraft:spruce_boat":1,"iceandfire:chain":2,"sophisticatedbackpacks:iron_backpack":1,"minecraft:diamond_sword":3,"minecraft:dried_kelp":18,"sophisticatedbackpacks:gold_backpack":1,"minecraft:stone_axe":1,"minecraft:oak_boat":1,"minecraft:white_wool":4},"minecraft:used":{"minecraft:moss_carpet":1,"minecraft:waxed_exposed_cut_copper":1,"minecraft:melon":4,"minecraft:spruce_slab":8,"minecraft:ladder":1,"spore:biomass_block":2,"minecraft:chest":9,"minecraft:shield":6,"minecraft:iron_sword":227,"spore:rooted_mycelium":1,"minecraft:player_head":1,"minecraft:oxidized_cut_copper":1,"minecraft:cut_copper":15,"minecraft:spruce_boat":2,"minecraft:packed_mud":7,"minecraft:quartz_block":10,"minecraft:dark_oak_slab":7,"spore:rotten_planks":1,"minecraft:item_frame":1,"minecraft:bow":59,"minecraft:oak_sapling":1,"minecraft:stripped_spruce_wood":2,"spore:sicken_biomass_block":1,"minecraft:light_blue_carpet":1,"minecraft:gray_carpet":1,"minecraft:acacia_trapdoor":1,"minecraft:stone_pickaxe":23,"minecraft:oak_planks":1,"minecraft:diamond_axe":10,"minecraft:oak_leaves":3,"minecraft:golden_apple":33,"minecraft:note_block":3,"minecraft:gray_concrete":5,"minecraft:melon_slice":22,"tombstone:grave_key":49,"minecraft:diamond_sword":1045,"minecraft:oak_boat":19,"minecraft:white_concrete":2,"minecraft:stripped_acacia_wood":1,"minecraft:stone_sword":305,"minecraft:dried_kelp":6,"minecraft:spruce_planks":3,"minecraft:tinted_glass":1,"minecraft:cooked_chicken":1,"minecraft:dirt":22,"minecraft:anvil":1,"minecraft:spruce_stairs":2,"minecraft:dark_oak_planks":12,"minecraft:waxed_cut_copper":1,"minecraft:iron_axe":27,"minecraft:smooth_quartz":7,"minecraft:mud_bricks":22,"minecraft:barrel":9,"minecraft:golden_carrot":4,"minecraft:waxed_cut_copper_slab":6,"tombstone:gift":8,"minecraft:mud_brick_slab":1,"minecraft:crafting_table":5,"minecraft:red_bed":1,"minecraft:light_blue_candle":1,"minecraft:dark_prismarine":1,"minecraft:flower_pot":1,"minecraft:iron_pickaxe":35,"tombstone:magic_scroll":1,"minecraft:spruce_trapdoor":1,"minecraft:golden_leggings":1,"minecraft:stone_axe":200,"minecraft:blue_carpet":1,"minecraft:cobblestone":5,"minecraft:mud_brick_wall":4,"minecraft:pumpkin_pie":3,"spore:rotten_stair":3,"minecraft:purple_carpet":1},"minecraft:mined":{"minecraft:dark_oak_planks":1,"minecraft:blue_carpet":1,"spore:fungal_roots":38,"minecraft:spruce_planks":4,"spore:wall_growths":98,"minecraft:black_terracotta":3,"minecraft:light_blue_carpet":1,"minecraft:cave_vines_plant":1,"minecraft:spruce_trapdoor":3,"minecraft:grass_block":5,"spore:fungal_stem":37,"minecraft:mud_bricks":16,"minecraft:mud_brick_wall":3,"minecraft:spawner":7,"spore:mycelium_veins":6,"minecraft:barrel":20,"minecraft:moss_carpet":3,"minecraft:anvil":1,"spore:growth_mycelium":74,"minecraft:dark_oak_stairs":2,"minecraft:cave_vines":5,"minecraft:purple_carpet":2,"minecraft:green_carpet":2,"minecraft:pink_tulip":1,"minecraft:spruce_slab":4,"minecraft:red_bed":1,"spore:growths_big":66,"minecraft:note_block":2,"minecraft:melon":4,"minecraft:chest":22,"minecraft:cobblestone":1,"spore:fungal_stem_sapling":2,"minecraft:dark_oak_slab":3,"minecraft:birch_log":21,"minecraft:waxed_oxidized_cut_copper_stairs":2,"minecraft:tnt":2,"minecraft:grass":7,"minecraft:oak_log":86,"minecraft:sand":1,"minecraft:dirt":2,"minecraft:smooth_quartz":4,"spore:hanging_fungal_stem":32,"minecraft:oak_leaves":76,"spore:remains":2,"minecraft:dark_prismarine":1,"minecraft:red_carpet":1,"spore:wall_growths_big":161,"spore:rotten_bush":2,"spore:growths_small":55,"spore:rotten_planks":2,"minecraft:waxed_oxidized_cut_copper":3,"minecraft:packed_mud":9,"minecraft:acacia_trapdoor":1,"spore:blomfung":73,"minecraft:bookshelf":23,"spore:biomass_bulb":50,"minecraft:cut_copper":2,"minecraft:mud_brick_slab":1,"minecraft:crafting_table":3,"minecraft:dried_kelp_block":2,"minecraft:stripped_spruce_wood":2,"spore:bloomfung2":145,"minecraft:birch_leaves":95,"spore:fungal_stem_top":11,"minecraft:gray_carpet":1}},"DataVersion":3465}