{"stats":{"minecraft:dropped":{"minecraft:oak_log":79,"minecraft:glow_item_frame":1,"minecraft:milk_bucket":1,"minecraft:dried_kelp":12,"minecraft:birch_log":21,"minecraft:waxed_cut_copper_slab":2,"minecraft:lever":6,"spore:rooted_mycelium":1,"minecraft:stone_sword":1,"minecraft:birch_sapling":1,"minecraft:black_terracotta":2,"minecraft:gunpowder":5},"minecraft:custom":{"minecraft:mob_kills":56,"minecraft:interact_with_anvil":1,"minecraft:interact_with_crafting_table":7,"minecraft:open_barrel":61,"minecraft:leave_game":3,"minecraft:time_since_death":11033,"minecraft:climb_one_cm":10498,"minecraft:sprint_one_cm":512617,"minecraft:walk_one_cm":317573,"minecraft:damage_blocked_by_shield":975,"minecraft:drop":18,"minecraft:play_noteblock":3,"minecraft:play_time":121817,"minecraft:deaths":36,"minecraft:sneak_time":6122,"minecraft:walk_under_water_one_cm":870,"minecraft:boat_one_cm":1462,"minecraft:jump":1770,"minecraft:interact_with_blast_furnace":1,"minecraft:walk_on_water_one_cm":5305,"minecraft:total_world_time":121817,"tombstone:raider_killed":1,"minecraft:tune_noteblock":1,"minecraft:pot_flower":1,"minecraft:sleep_in_bed":2,"minecraft:time_since_rest":10635,"minecraft:damage_taken":10860,"tombstone:sneak_grave":2,"minecraft:damage_dealt":8192,"minecraft:swim_one_cm":19940,"minecraft:fly_one_cm":231063,"minecraft:open_chest":66,"minecraft:crouch_one_cm":10192,"tombstone:undead_killed":35,"minecraft:interact_with_smoker":1,"minecraft:fall_one_cm":27241},"minecraft:killed_by":{"minecraft:player":2,"minecraft:creeper":2,"spore:lacerator":1,"spore:plagued":2,"spore:inf_player":2,"minecraft:skeleton":15,"minecraft:zombie":9},"minecraft:picked_up":{"minecraft:crafting_table":2,"minecraft:waxed_oxidized_cut_copper":4,"spore:incubator":1,"spore:mutated_heart":7,"minecraft:wheat":10,"minecraft:redstone_block":2,"minecraft:flower_pot":1,"minecraft:anvil":1,"minecraft:redstone_lamp":1,"minecraft:potion":1,"minecraft:cooked_rabbit":1,"minecraft:gold_block":7,"minecraft:enchanted_book":1,"minecraft:crimson_trapdoor":1,"minecraft:chain":5,"minecraft:waxed_cut_copper_slab":3,"minecraft:dark_oak_trapdoor":2,"minecraft:string":21,"spore:innards":5,"minecraft:red_bed":1,"minecraft:moss_carpet":3,"minecraft:iron_axe":1,"minecraft:item_frame":1,"minecraft:spruce_planks":5,"minecraft:waxed_exposed_cut_copper":1,"minecraft:rose_bush":4,"minecraft:oak_boat":12,"spore:rooted_mycelium":2,"minecraft:player_head":1,"minecraft:iron_pickaxe":1,"minecraft:tinted_glass":3,"minecraft:melon_slice":22,"minecraft:chest":20,"minecraft:birch_sapling":3,"minecraft:stick":12,"minecraft:glow_item_frame":1,"minecraft:note_block":4,"tombstone:grave_dust":6,"minecraft:redstone":55,"minecraft:blue_carpet":1,"minecraft:dark_oak_planks":5,"minecraft:quartz_block":10,"minecraft:arrow":24,"minecraft:rotten_flesh":2,"minecraft:pumpkin_pie":3,"minecraft:cut_copper":19,"minecraft:waxed_oxidized_cut_copper_stairs":2,"minecraft:saddle":2,"minecraft:gold_ingot":115,"spore:zoaholic":1,"spore:alveolic_sack":4,"minecraft:glow_berries":5,"spore:tendons":2,"minecraft:rail":1,"minecraft:cobblestone":75,"minecraft:birch_log":21,"spore:altered_spleen":2,"minecraft:mud_bricks":4,"minecraft:cooked_beef":12,"minecraft:tripwire_hook":8,"minecraft:birch_planks":1,"minecraft:packed_mud":1,"minecraft:oak_log":83,"minecraft:gunpowder":9,"minecraft:gray_concrete":5,"minecraft:dirt":26,"minecraft:lantern":5,"tombstone:gift":1,"minecraft:purple_carpet":1,"minecraft:cooked_mutton":1,"minecraft:red_carpet":9,"minecraft:bone":39,"minecraft:gray_carpet":5,"minecraft:bow":2,"minecraft:wheat_seeds":2,"minecraft:acacia_trapdoor":1,"minecraft:cooked_chicken":4,"minecraft:dark_oak_sign":1,"spore:mutated_fiber":54,"minecraft:glass_bottle":23,"minecraft:moss_block":5,"minecraft:oak_planks":8,"minecraft:oxidized_cut_copper":28,"minecraft:dark_oak_stairs":3,"minecraft:book":66,"minecraft:dark_oak_slab":5,"spore:cerebrum":6,"minecraft:black_terracotta":4,"minecraft:daylight_detector":4,"spore:armor_fragment":4,"minecraft:poisonous_potato":2,"inventorypets:pet_chicken":1,"minecraft:melon":4,"minecraft:diamond_block":12,"minecraft:barrel":19,"alexsmobs:animal_dictionary":2,"minecraft:dark_prismarine":1,"minecraft:bundle":1,"spore:claw_fragment":4,"minecraft:dried_kelp_block":2,"minecraft:spruce_boat":1,"minecraft:diamond":23,"minecraft:stone_axe":1,"minecraft:lever":6,"minecraft:light_blue_carpet":1,"minecraft:golden_apple":18,"minecraft:white_concrete":2,"minecraft:bread":1,"tombstone:magic_scroll":1,"spore:spine_fragment":4,"minecraft:oak_sapling":20,"minecraft:oak_leaves":3},"minecraft:killed":{"spore:leaper":1,"minecraft:skeleton":25,"spore:inf_player":4,"spore:inf_wanderer":1,"minecraft:ravager":1,"minecraft:creeper":5,"spore:inf_pillager":1,"spore:inf_human":1,"minecraft:zombie":8,"spore:busser":1,"minecraft:wither_skeleton":1},"minecraft:used":{"minecraft:moss_carpet":1,"minecraft:stone_sword":305,"minecraft:melon":4,"minecraft:dried_kelp":6,"spore:biomass_block":2,"minecraft:chest":8,"minecraft:shield":4,"minecraft:tinted_glass":1,"minecraft:iron_sword":50,"minecraft:player_head":1,"spore:rooted_mycelium":1,"minecraft:cooked_chicken":1,"minecraft:oxidized_cut_copper":1,"minecraft:dirt":22,"minecraft:anvil":1,"minecraft:cut_copper":5,"minecraft:spruce_boat":2,"minecraft:iron_axe":27,"minecraft:quartz_block":10,"minecraft:dark_oak_slab":5,"minecraft:barrel":9,"minecraft:item_frame":1,"minecraft:waxed_cut_copper_slab":1,"minecraft:bow":33,"tombstone:gift":8,"spore:sicken_biomass_block":1,"minecraft:light_blue_carpet":1,"minecraft:gray_carpet":1,"minecraft:acacia_trapdoor":1,"minecraft:stone_pickaxe":19,"minecraft:oak_planks":1,"minecraft:oak_leaves":3,"minecraft:crafting_table":3,"minecraft:red_bed":1,"minecraft:note_block":2,"minecraft:gray_concrete":5,"minecraft:flower_pot":1,"minecraft:melon_slice":18,"minecraft:iron_pickaxe":1,"tombstone:magic_scroll":1,"tombstone:grave_key":13,"minecraft:golden_leggings":1,"minecraft:stone_axe":180,"minecraft:blue_carpet":1,"minecraft:cobblestone":5,"minecraft:pumpkin_pie":2,"minecraft:oak_boat":11,"minecraft:white_concrete":2,"minecraft:purple_carpet":1},"minecraft:broken":{"minecraft:golden_helmet":1,"minecraft:stone_sword":1,"minecraft:iron_boots":1,"minecraft:iron_chestplate":1,"minecraft:iron_leggings":1,"minecraft:stone_axe":1,"minecraft:iron_helmet":1},"minecraft:mined":{"minecraft:dark_prismarine":1,"minecraft:blue_carpet":1,"spore:fungal_roots":4,"minecraft:spruce_planks":4,"spore:wall_growths_big":14,"spore:wall_growths":12,"minecraft:light_blue_carpet":1,"minecraft:grass_block":5,"spore:fungal_stem":4,"minecraft:mud_bricks":4,"spore:growths_small":4,"minecraft:spawner":2,"spore:mycelium_veins":6,"minecraft:waxed_oxidized_cut_copper":3,"minecraft:packed_mud":1,"minecraft:acacia_trapdoor":1,"spore:blomfung":6,"minecraft:barrel":20,"minecraft:moss_carpet":3,"minecraft:anvil":1,"spore:growth_mycelium":9,"minecraft:dark_oak_stairs":2,"minecraft:bookshelf":22,"minecraft:purple_carpet":2,"minecraft:cut_copper":2,"minecraft:red_bed":1,"spore:growths_big":10,"minecraft:crafting_table":2,"minecraft:note_block":2,"minecraft:melon":4,"minecraft:chest":19,"minecraft:cobblestone":1,"minecraft:dried_kelp_block":2,"minecraft:dark_oak_slab":3,"spore:bloomfung2":17,"minecraft:birch_log":21,"minecraft:waxed_oxidized_cut_copper_stairs":2,"minecraft:birch_leaves":7,"spore:fungal_stem_top":1,"minecraft:grass":4,"minecraft:oak_log":78,"minecraft:dirt":2,"spore:hanging_fungal_stem":7,"minecraft:oak_leaves":33},"minecraft:crafted":{"minecraft:oak_planks":20,"minecraft:stone_pickaxe":2,"minecraft:spruce_boat":1,"minecraft:crafting_table":1,"minecraft:dried_kelp":18,"minecraft:stone_axe":1,"minecraft:oak_boat":1,"minecraft:shield":1,"minecraft:stick":8,"minecraft:stone_sword":3}},"DataVersion":3465}