{"stats":{"minecraft:picked_up":{"minecraft:mud_brick_slab":1,"spore:mutated_heart":9,"minecraft:crafting_table":3,"spore:incubator":1,"minecraft:waxed_oxidized_cut_copper":4,"iceandfire:witherbone":1,"minecraft:wheat":10,"minecraft:redstone_block":2,"minecraft:flower_pot":1,"minecraft:anvil":1,"minecraft:redstone_lamp":1,"minecraft:diamond_sword":6,"minecraft:cooked_rabbit":1,"minecraft:potion":1,"minecraft:gold_block":7,"minecraft:enchanted_book":1,"minecraft:crimson_trapdoor":1,"minecraft:chain":7,"minecraft:red_bed":1,"spore:innards":6,"minecraft:waxed_cut_copper_slab":3,"minecraft:string":29,"minecraft:dark_oak_trapdoor":2,"minecraft:moss_carpet":3,"minecraft:iron_axe":1,"minecraft:item_frame":1,"minecraft:spruce_planks":5,"minecraft:waxed_exposed_cut_copper":2,"minecraft:beef":3,"minecraft:ender_eye":2,"spore:rooted_mycelium":2,"minecraft:oak_boat":15,"minecraft:rose_bush":4,"minecraft:player_head":2,"minecraft:smooth_quartz":7,"minecraft:iron_pickaxe":1,"minecraft:spruce_slab":5,"minecraft:tinted_glass":3,"minecraft:melon_slice":22,"minecraft:chest":21,"minecraft:birch_sapling":6,"minecraft:crimson_sign":2,"spore:tumor":2,"minecraft:stick":15,"minecraft:glow_item_frame":3,"minecraft:spruce_stairs":2,"minecraft:note_block":5,"spore:biomass":40,"tombstone:grave_dust":8,"minecraft:redstone":55,"minecraft:blue_carpet":1,"minecraft:dark_oak_planks":11,"minecraft:quartz_block":10,"minecraft:arrow":43,"minecraft:rotten_flesh":13,"minecraft:pumpkin_pie":3,"minecraft:cut_copper":19,"minecraft:waxed_oxidized_cut_copper_stairs":2,"minecraft:pink_tulip":1,"minecraft:saddle":13,"minecraft:gold_ingot":115,"spore:zoaholic":1,"spore:alveolic_sack":4,"spore:tendons":8,"minecraft:glow_berries":5,"minecraft:iron_bars":1,"minecraft:rail":1,"minecraft:cobblestone":75,"minecraft:birch_log":21,"minecraft:leather_chestplate":1,"spore:altered_spleen":2,"minecraft:mud_bricks":11,"minecraft:cooked_beef":12,"minecraft:tripwire_hook":8,"minecraft:leather":5,"minecraft:birch_planks":1,"minecraft:packed_mud":12,"minecraft:oak_log":88,"minecraft:stripped_spruce_wood":2,"minecraft:gunpowder":11,"minecraft:gray_concrete":5,"minecraft:dirt":26,"minecraft:lantern":5,"tombstone:gift":1,"minecraft:purple_carpet":1,"minecraft:cooked_mutton":1,"spore:rotten_stair":3,"minecraft:red_carpet":10,"minecraft:bone":66,"minecraft:gray_carpet":6,"minecraft:bow":3,"minecraft:wheat_seeds":2,"minecraft:acacia_trapdoor":1,"minecraft:cooked_chicken":4,"minecraft:dark_oak_sign":1,"spore:mutated_fiber":101,"minecraft:glass_bottle":23,"minecraft:moss_block":5,"minecraft:oak_planks":8,"minecraft:oxidized_cut_copper":28,"minecraft:dark_oak_stairs":3,"minecraft:book":69,"spore:cerebrum":12,"minecraft:dark_oak_slab":7,"minecraft:black_terracotta":9,"minecraft:daylight_detector":4,"spore:armor_fragment":19,"minecraft:stripped_acacia_wood":1,"minecraft:spyglass":2,"minecraft:poisonous_potato":2,"inventorypets:pet_chicken":1,"minecraft:melon":4,"minecraft:mud_brick_wall":5,"minecraft:lily_of_the_valley":1,"minecraft:diamond_block":12,"minecraft:barrel":19,"alexsmobs:animal_dictionary":2,"minecraft:dark_prismarine":1,"minecraft:bundle":2,"spore:claw_fragment":17,"minecraft:dried_kelp_block":2,"minecraft:spruce_boat":1,"minecraft:diamond":23,"minecraft:stone_axe":1,"minecraft:lever":6,"minecraft:light_blue_carpet":1,"minecraft:crossbow":1,"minecraft:golden_apple":18,"minecraft:white_concrete":2,"minecraft:bread":1,"spore:spine_fragment":6,"tombstone:magic_scroll":2,"minecraft:oak_sapling":20,"minecraft:light_blue_candle":1,"minecraft:oak_leaves":3},"minecraft:killed_by":{"minecraft:player":2,"minecraft:creeper":3,"spore:lacerator":1,"spore:plagued":2,"minecraft:ravager":3,"spore:inf_pillager":1,"spore:inf_player":2,"minecraft:skeleton":25,"minecraft:zombie":16},"minecraft:killed":{"spore:braiomil":1,"spore:leaper":1,"minecraft:skeleton":61,"spore:griefer":1,"spore:inf_player":6,"spore:inf_wanderer":1,"minecraft:ravager":1,"minecraft:creeper":7,"spore:inf_pillager":5,"spore:inf_villager":7,"spore:mound":1,"spore:inf_human":8,"minecraft:zombie":16,"spore:howler":1,"spore:busser":1,"spore:inf_husk":8,"minecraft:wither_skeleton":2,"minecraft:cow":1},"minecraft:broken":{"minecraft:golden_helmet":1,"minecraft:stone_sword":1,"minecraft:iron_boots":1,"minecraft:iron_chestplate":1,"minecraft:iron_leggings":1,"minecraft:leather_chestplate":1,"minecraft:chainmail_boots":1,"minecraft:golden_leggings":1,"minecraft:stone_axe":2,"minecraft:iron_sword":1,"minecraft:iron_helmet":1},"minecraft:custom":{"minecraft:interact_with_anvil":1,"minecraft:mob_kills":140,"minecraft:interact_with_crafting_table":24,"minecraft:open_barrel":61,"minecraft:eat_cake_slice":8,"minecraft:leave_game":4,"minecraft:time_since_death":3839,"minecraft:climb_one_cm":17716,"minecraft:sprint_one_cm":650766,"minecraft:walk_one_cm":481169,"minecraft:damage_blocked_by_shield":1125,"minecraft:drop":43,"minecraft:play_noteblock":3,"minecraft:play_time":227327,"minecraft:deaths":60,"minecraft:sneak_time":20810,"minecraft:walk_under_water_one_cm":9360,"minecraft:boat_one_cm":1462,"minecraft:jump":2515,"minecraft:interact_with_blast_furnace":1,"minecraft:walk_on_water_one_cm":7118,"minecraft:total_world_time":227327,"tombstone:raider_killed":1,"minecraft:tune_noteblock":3,"minecraft:pot_flower":1,"minecraft:sleep_in_bed":5,"minecraft:time_since_rest":3621,"minecraft:damage_absorbed":788,"minecraft:damage_taken":21180,"tombstone:sneak_grave":3,"minecraft:damage_dealt":23915,"minecraft:swim_one_cm":20329,"minecraft:fly_one_cm":285105,"minecraft:open_chest":108,"minecraft:crouch_one_cm":27653,"tombstone:undead_killed":82,"minecraft:interact_with_smoker":1,"minecraft:fall_one_cm":41924},"minecraft:dropped":{"minecraft:mud_brick_slab":1,"minecraft:oak_log":79,"minecraft:glow_item_frame":1,"minecraft:saddle":10,"minecraft:packed_mud":5,"minecraft:milk_bucket":1,"minecraft:dried_kelp":12,"minecraft:chain":2,"spore:mutated_heart":1,"minecraft:birch_log":21,"minecraft:redstone_block":2,"minecraft:waxed_cut_copper_slab":2,"minecraft:note_block":1,"minecraft:spyglass":2,"minecraft:lever":6,"spore:rooted_mycelium":1,"minecraft:stone_sword":1,"minecraft:birch_sapling":2,"minecraft:black_terracotta":4,"minecraft:waxed_exposed_cut_copper":1,"minecraft:stripped_acacia_wood":1,"minecraft:lily_of_the_valley":2,"minecraft:gunpowder":5},"minecraft:crafted":{"minecraft:oak_planks":24,"sophisticatedbackpacks:crafting_upgrade":1,"minecraft:stone_pickaxe":2,"minecraft:spruce_boat":1,"sophisticatedbackpacks:iron_backpack":1,"minecraft:diamond_sword":3,"sophisticatedbackpacks:backpack":1,"minecraft:crafting_table":3,"minecraft:dried_kelp":18,"sophisticatedbackpacks:gold_backpack":1,"minecraft:stone_axe":1,"sophisticatedbackpacks:upgrade_base":1,"minecraft:oak_boat":1,"minecraft:shield":1,"sophisticatedbackpacks:diamond_backpack":1,"minecraft:stick":8,"minecraft:stone_sword":3},"minecraft:used":{"minecraft:moss_carpet":1,"minecraft:stone_sword":305,"minecraft:melon":4,"minecraft:spruce_slab":8,"minecraft:dried_kelp":6,"spore:biomass_block":2,"minecraft:chest":8,"minecraft:spruce_planks":3,"minecraft:shield":6,"minecraft:tinted_glass":1,"minecraft:iron_sword":227,"minecraft:player_head":1,"spore:rooted_mycelium":1,"minecraft:cooked_chicken":1,"minecraft:oxidized_cut_copper":1,"minecraft:dirt":22,"minecraft:anvil":1,"minecraft:cut_copper":5,"minecraft:spruce_stairs":2,"minecraft:spruce_boat":2,"minecraft:dark_oak_planks":7,"minecraft:iron_axe":27,"minecraft:quartz_block":10,"minecraft:dark_oak_slab":7,"minecraft:smooth_quartz":4,"minecraft:mud_bricks":18,"minecraft:barrel":9,"minecraft:item_frame":1,"minecraft:golden_carrot":1,"minecraft:bow":50,"minecraft:waxed_cut_copper_slab":1,"tombstone:gift":8,"minecraft:stripped_spruce_wood":2,"spore:sicken_biomass_block":1,"minecraft:light_blue_carpet":1,"minecraft:acacia_trapdoor":1,"minecraft:stone_pickaxe":23,"minecraft:gray_carpet":1,"minecraft:oak_planks":1,"minecraft:diamond_axe":8,"minecraft:oak_leaves":3,"minecraft:golden_apple":20,"minecraft:crafting_table":5,"minecraft:red_bed":1,"minecraft:note_block":2,"minecraft:gray_concrete":5,"minecraft:light_blue_candle":1,"minecraft:flower_pot":1,"minecraft:melon_slice":22,"minecraft:iron_pickaxe":20,"tombstone:magic_scroll":1,"tombstone:grave_key":27,"minecraft:golden_leggings":1,"minecraft:stone_axe":200,"minecraft:blue_carpet":1,"minecraft:diamond_sword":526,"minecraft:cobblestone":5,"minecraft:mud_brick_wall":4,"minecraft:pumpkin_pie":3,"minecraft:oak_boat":14,"minecraft:white_concrete":2,"minecraft:purple_carpet":1,"minecraft:stripped_acacia_wood":1},"minecraft:mined":{"minecraft:blue_carpet":1,"spore:fungal_roots":7,"minecraft:dark_prismarine":1,"minecraft:red_carpet":1,"spore:wall_growths_big":42,"minecraft:spruce_planks":4,"spore:wall_growths":44,"minecraft:black_terracotta":1,"minecraft:light_blue_carpet":1,"minecraft:grass_block":5,"spore:fungal_stem":10,"minecraft:mud_brick_wall":3,"minecraft:mud_bricks":12,"spore:growths_small":19,"minecraft:spawner":5,"spore:mycelium_veins":6,"minecraft:waxed_oxidized_cut_copper":3,"minecraft:packed_mud":3,"minecraft:acacia_trapdoor":1,"spore:blomfung":27,"minecraft:barrel":20,"minecraft:moss_carpet":3,"minecraft:anvil":1,"spore:growth_mycelium":33,"minecraft:dark_oak_stairs":2,"minecraft:bookshelf":23,"minecraft:cave_vines":1,"minecraft:purple_carpet":2,"minecraft:pink_tulip":1,"spore:biomass_bulb":15,"minecraft:cut_copper":2,"minecraft:spruce_slab":3,"minecraft:red_bed":1,"spore:growths_big":28,"minecraft:crafting_table":3,"minecraft:note_block":2,"minecraft:melon":4,"minecraft:chest":22,"minecraft:cobblestone":1,"minecraft:dried_kelp_block":2,"minecraft:dark_oak_slab":3,"minecraft:stripped_spruce_wood":2,"spore:bloomfung2":45,"minecraft:birch_log":21,"minecraft:waxed_oxidized_cut_copper_stairs":2,"minecraft:birch_leaves":68,"spore:fungal_stem_top":3,"minecraft:grass":5,"minecraft:oak_log":85,"minecraft:smooth_quartz":4,"minecraft:dirt":2,"minecraft:gray_carpet":1,"spore:hanging_fungal_stem":14,"minecraft:oak_leaves":61,"spore:remains":2,"minecraft:dark_oak_planks":1}},"DataVersion":3465}