{"stats":{"minecraft:dropped":{"minecraft:wheat_seeds":1},"minecraft:killed":{"minecraft:sheep":1,"minecraft:horse":4,"minecraft:skeleton":1,"minecraft:zombie":2,"minecraft:pig":8,"minecraft:chicken":7,"minecraft:iron_golem":1,"minecraft:spider":1,"minecraft:creeper":1},"minecraft:mined":{"minecraft:grass":11,"minecraft:tall_grass":18},"minecraft:custom":{"minecraft:time_since_rest":1721,"minecraft:interact_with_furnace":4,"minecraft:sprint_one_cm":79881,"minecraft:walk_one_cm":32234,"minecraft:damage_taken":474,"minecraft:damage_absorbed":40,"minecraft:damage_blocked_by_shield":60,"minecraft:mob_kills":26,"minecraft:drop":1,"minecraft:damage_dealt":3969,"minecraft:interact_with_crafting_table":9,"minecraft:fly_one_cm":101659,"minecraft:open_chest":45,"minecraft:crouch_one_cm":978,"minecraft:play_time":27671,"minecraft:interact_with_loom":2,"tombstone:undead_killed":3,"minecraft:deaths":1,"minecraft:sneak_time":868,"minecraft:jump":532,"minecraft:interact_with_blast_furnace":1,"minecraft:walk_on_water_one_cm":1555,"minecraft:time_since_death":1979,"minecraft:sleep_in_bed":2,"minecraft:climb_one_cm":996,"minecraft:interact_with_smoker":19,"minecraft:total_world_time":27671,"minecraft:fall_one_cm":10703},"minecraft:broken":{"minecraft:golden_boots":1,"minecraft:stone_sword":1,"minecraft:golden_leggings":1},"minecraft:crafted":{"minecraft:cooked_porkchop":12,"minecraft:shield":1,"minecraft:cooked_chicken":4,"minecraft:chest":1,"minecraft:cooked_mutton":2,"minecraft:air":0},"minecraft:used":{"minecraft:stone_sword":55,"minecraft:shield":1,"minecraft:iron_boots":1,"minecraft:golden_apple":1,"minecraft:wooden_sword":51,"minecraft:dirt":6,"minecraft:cooked_porkchop":2},"minecraft:picked_up":{"spore:cerebrum":1,"minecraft:iron_chestplate":1,"minecraft:feather":10,"minecraft:chicken":7,"minecraft:golden_leggings":1,"minecraft:porkchop":15,"minecraft:golden_boots":1,"minecraft:golden_chestplate":1,"minecraft:iron_leggings":1,"minecraft:arrow":45,"minecraft:bow":1,"minecraft:wheat_seeds":2,"minecraft:iron_helmet":1,"minecraft:iron_ingot":3,"minecraft:poppy":1,"minecraft:iron_sword":1,"minecraft:mutton":2,"minecraft:white_wool":1,"minecraft:iron_boots":1,"minecraft:egg":2},"minecraft:killed_by":{"minecraft:iron_golem":1}},"DataVersion":3465}