{"stats":{"minecraft:dropped":{"minecraft:stone_sword":1},"minecraft:custom":{"minecraft:time_since_rest":1,"minecraft:sprint_one_cm":95293,"minecraft:damage_taken":960,"minecraft:walk_one_cm":22643,"minecraft:mob_kills":3,"minecraft:drop":1,"minecraft:damage_dealt":361,"minecraft:swim_one_cm":12140,"minecraft:interact_with_crafting_table":3,"minecraft:fly_one_cm":79258,"minecraft:crouch_one_cm":314,"minecraft:play_time":14400,"tombstone:undead_killed":1,"minecraft:deaths":4,"minecraft:sneak_time":359,"minecraft:walk_under_water_one_cm":629,"minecraft:jump":302,"minecraft:leave_game":1,"minecraft:time_since_death":1380,"minecraft:walk_on_water_one_cm":3887,"minecraft:total_world_time":14400,"minecraft:fall_one_cm":1643},"minecraft:killed_by":{"spore:lacerator":1,"spore:plagued":1,"minecraft:player":1,"minecraft:skeleton":1},"minecraft:picked_up":{"minecraft:crafting_table":1,"minecraft:oak_log":5,"minecraft:dirt":4,"minecraft:bone":2,"minecraft:arrow":3,"minecraft:oak_boat":1,"minecraft:rose_bush":1,"minecraft:cobblestone":40},"minecraft:killed":{"minecraft:skeleton":1},"minecraft:used":{"minecraft:stone_sword":22,"minecraft:stone_axe":1,"minecraft:dirt":4,"minecraft:crafting_table":1,"minecraft:oak_boat":1},"minecraft:mined":{"spore:mycelium_veins":6,"spore:bloomfung2":1,"spore:blomfung":1,"spore:growth_mycelium":2,"spore:growths_big":1,"minecraft:crafting_table":1,"minecraft:grass":2,"minecraft:grass_block":5,"minecraft:oak_log":5,"spore:fungal_stem":1,"spore:growths_small":1,"minecraft:oak_leaves":3},"minecraft:crafted":{"minecraft:oak_boat":1,"minecraft:oak_planks":20,"minecraft:crafting_table":1,"minecraft:stick":8,"minecraft:stone_pickaxe":1,"minecraft:stone_sword":2,"minecraft:stone_axe":1}},"DataVersion":3465}