{"stats":{"minecraft:mined":{"minecraft:oak_log":4,"minecraft:oak_leaves":3},"minecraft:picked_up":{"minecraft:oak_log":4},"minecraft:custom":{"minecraft:jump":74,"minecraft:time_since_rest":5410,"minecraft:leave_game":1,"minecraft:crouch_one_cm":626,"minecraft:sprint_one_cm":8166,"minecraft:play_time":5410,"minecraft:time_since_death":5410,"minecraft:walk_one_cm":11305,"minecraft:sneak_time":380,"minecraft:total_world_time":5410,"minecraft:fall_one_cm":627,"minecraft:fly_one_cm":2782}},"DataVersion":3120}