{"stats":{"minecraft:killed":{"minecraft:pig":8,"alexsmobs:grizzly_bear":1,"minecraft:spider":4,"minecraft:iron_golem":1,"minecraft:creeper":2,"spore:inf_pillager":1,"spore:inf_villager":1,"minecraft:horse":4,"minecraft:sheep":4,"minecraft:skeleton":3,"minecraft:zombie":4,"spore:inf_human":1,"minecraft:chicken":10,"spore:inf_witch":2,"iceandfire:sea_serpent":1,"minecraft:cow":5},"minecraft:dropped":{"minecraft:wheat_seeds":2,"minecraft:poppy":1,"minecraft:bow":1,"minecraft:egg":1,"minecraft:spruce_sapling":10},"minecraft:mined":{"minecraft:white_bed":2,"minecraft:crafting_table":3,"minecraft:tall_grass":18,"minecraft:spruce_leaves":2,"minecraft:spruce_log":2,"minecraft:grass":17,"minecraft:oak_log":3,"minecraft:fern":2},"minecraft:custom":{"minecraft:interact_with_furnace":4,"minecraft:mob_kills":52,"minecraft:interact_with_crafting_table":22,"minecraft:interact_with_loom":2,"minecraft:leave_game":3,"minecraft:time_since_death":17312,"minecraft:sleep_in_bed":3,"minecraft:climb_one_cm":996,"minecraft:time_since_rest":575,"minecraft:sprint_one_cm":294232,"minecraft:damage_absorbed":40,"minecraft:damage_taken":1375,"minecraft:walk_one_cm":89371,"minecraft:damage_blocked_by_shield":2610,"minecraft:drop":6,"minecraft:damage_dealt":9182,"minecraft:swim_one_cm":8356,"minecraft:fly_one_cm":329091,"minecraft:open_chest":45,"minecraft:crouch_one_cm":2862,"minecraft:play_time":63974,"tombstone:undead_killed":7,"minecraft:deaths":3,"minecraft:sneak_time":1742,"minecraft:walk_under_water_one_cm":432,"minecraft:boat_one_cm":50161,"minecraft:jump":1561,"minecraft:interact_with_blast_furnace":1,"minecraft:walk_on_water_one_cm":6697,"minecraft:interact_with_smoker":19,"minecraft:total_world_time":63974,"minecraft:fall_one_cm":35066},"minecraft:broken":{"minecraft:golden_boots":1,"minecraft:stone_sword":2,"minecraft:wooden_sword":1,"minecraft:iron_leggings":1,"minecraft:golden_chestplate":1,"minecraft:golden_leggings":1},"minecraft:crafted":{"minecraft:oak_planks":12,"sophisticatedbackpacks:backpack":1,"minecraft:cooked_porkchop":12,"minecraft:spruce_planks":8,"minecraft:cooked_chicken":4,"iceandfire:tide_green_chestplate":1,"minecraft:stone_axe":1,"minecraft:cooked_mutton":2,"minecraft:air":0,"minecraft:oak_boat":1,"minecraft:shield":2,"minecraft:iron_pickaxe":1,"minecraft:chest":1,"minecraft:white_bed":1,"minecraft:spruce_boat":1},"minecraft:used":{"minecraft:cooked_mutton":4,"minecraft:stone_sword":117,"minecraft:spruce_planks":1,"minecraft:shield":26,"minecraft:iron_sword":35,"minecraft:golden_apple":1,"minecraft:dirt":6,"minecraft:crafting_table":3,"minecraft:white_bed":2,"minecraft:milk_bucket":1,"minecraft:spruce_boat":1,"minecraft:iron_boots":1,"minecraft:stone_axe":1,"minecraft:wooden_sword":55,"minecraft:cooked_porkchop":4,"minecraft:oak_boat":5,"minecraft:cooked_beef":2,"minecraft:cobbled_deepslate":1},"minecraft:picked_up":{"spore:mutated_heart":1,"minecraft:crafting_table":3,"minecraft:iron_chestplate":1,"minecraft:feather":12,"minecraft:cooked_beef":5,"iceandfire:sea_serpent_fang":2,"minecraft:chicken":10,"minecraft:leather":4,"minecraft:golden_leggings":1,"alexsmobs:bear_fur":4,"minecraft:oak_log":3,"minecraft:golden_boots":1,"minecraft:gunpowder":2,"minecraft:dirt":2,"minecraft:string":6,"minecraft:iron_leggings":1,"minecraft:bone":8,"minecraft:bow":2,"minecraft:wheat_seeds":2,"minecraft:cobbled_deepslate":1,"minecraft:iron_ingot":3,"minecraft:beef":10,"minecraft:cooked_chicken":1,"minecraft:oak_boat":4,"spore:mutated_fiber":11,"minecraft:poppy":1,"minecraft:iron_sword":1,"minecraft:milk_bucket":1,"minecraft:stick":4,"minecraft:iron_boots":1,"minecraft:egg":3,"spore:cerebrum":1,"iceandfire:sea_serpent_scales_green":8,"minecraft:porkchop":15,"minecraft:spruce_sapling":8,"tombstone:grave_dust":1,"minecraft:white_bed":2,"minecraft:spruce_log":2,"minecraft:golden_chestplate":1,"minecraft:arrow":51,"minecraft:rotten_flesh":2,"minecraft:iron_helmet":1,"minecraft:crossbow":1,"minecraft:mutton":5,"minecraft:white_wool":4,"minecraft:cobblestone":4},"minecraft:killed_by":{"minecraft:creeper":1,"minecraft:iron_golem":1,"iceandfire:sea_serpent":1}},"DataVersion":3465}