{"stats":{"minecraft:dropped":{"spore:rooted_mycelium":1,"minecraft:oak_log":79,"minecraft:stone_sword":1,"minecraft:birch_sapling":1,"minecraft:birch_log":21},"minecraft:custom":{"minecraft:interact_with_anvil":1,"minecraft:mob_kills":16,"minecraft:interact_with_crafting_table":3,"minecraft:open_barrel":7,"minecraft:pot_flower":1,"minecraft:leave_game":2,"minecraft:time_since_death":1366,"minecraft:sleep_in_bed":1,"minecraft:climb_one_cm":2456,"minecraft:time_since_rest":1137,"minecraft:sprint_one_cm":198583,"minecraft:damage_taken":3567,"minecraft:walk_one_cm":118408,"minecraft:drop":6,"minecraft:damage_dealt":2600,"minecraft:swim_one_cm":19351,"minecraft:fly_one_cm":141949,"minecraft:open_chest":22,"minecraft:crouch_one_cm":6469,"minecraft:play_time":50248,"tombstone:undead_killed":5,"minecraft:deaths":13,"minecraft:sneak_time":2608,"minecraft:walk_under_water_one_cm":769,"minecraft:jump":942,"minecraft:walk_on_water_one_cm":4301,"minecraft:total_world_time":50248,"minecraft:fall_one_cm":14069},"minecraft:killed_by":{"spore:inf_player":2,"minecraft:player":2,"minecraft:skeleton":3,"minecraft:creeper":1,"spore:lacerator":1,"spore:plagued":2},"minecraft:picked_up":{"minecraft:birch_log":21,"spore:mutated_heart":1,"minecraft:crafting_table":2,"minecraft:wheat":5,"minecraft:anvil":1,"minecraft:flower_pot":1,"minecraft:redstone_lamp":1,"minecraft:oak_log":83,"minecraft:gunpowder":1,"minecraft:gray_concrete":5,"minecraft:dirt":25,"spore:innards":1,"minecraft:red_bed":1,"tombstone:gift":1,"minecraft:iron_axe":1,"minecraft:bone":8,"minecraft:bow":1,"minecraft:wheat_seeds":2,"minecraft:spruce_planks":1,"minecraft:rose_bush":2,"minecraft:oak_boat":3,"spore:rooted_mycelium":2,"spore:mutated_fiber":4,"minecraft:iron_pickaxe":1,"minecraft:melon_slice":22,"minecraft:chest":7,"minecraft:birch_sapling":2,"minecraft:oak_planks":1,"minecraft:oxidized_cut_copper":10,"minecraft:book":30,"minecraft:stick":4,"minecraft:dark_oak_slab":5,"spore:cerebrum":1,"minecraft:daylight_detector":2,"minecraft:poisonous_potato":1,"inventorypets:pet_chicken":1,"minecraft:melon":4,"minecraft:redstone":42,"minecraft:barrel":1,"spore:claw_fragment":4,"minecraft:quartz_block":10,"minecraft:arrow":6,"minecraft:diamond":2,"minecraft:stone_axe":1,"minecraft:white_concrete":2,"spore:spine_fragment":2,"minecraft:oak_sapling":10,"minecraft:oak_leaves":3,"minecraft:cobblestone":44},"minecraft:killed":{"spore:inf_player":4,"spore:leaper":1,"spore:inf_pillager":1,"minecraft:skeleton":4,"minecraft:zombie":1},"minecraft:used":{"spore:sicken_biomass_block":1,"minecraft:stone_sword":166,"minecraft:melon":4,"minecraft:stone_pickaxe":1,"minecraft:oak_planks":1,"spore:biomass_block":2,"minecraft:chest":3,"spore:rooted_mycelium":1,"minecraft:oak_leaves":3,"minecraft:oxidized_cut_copper":1,"minecraft:dirt":20,"minecraft:crafting_table":2,"minecraft:red_bed":1,"minecraft:gray_concrete":5,"minecraft:flower_pot":1,"minecraft:iron_axe":18,"minecraft:melon_slice":5,"minecraft:iron_pickaxe":1,"minecraft:quartz_block":10,"minecraft:dark_oak_slab":5,"tombstone:grave_key":1,"minecraft:barrel":1,"minecraft:stone_axe":134,"minecraft:bow":9,"minecraft:cobblestone":5,"tombstone:gift":6,"minecraft:oak_boat":3,"minecraft:white_concrete":2},"minecraft:broken":{"minecraft:stone_axe":1},"minecraft:mined":{"spore:fungal_roots":4,"spore:wall_growths_big":14,"spore:wall_growths":12,"minecraft:red_bed":1,"spore:growths_big":10,"minecraft:crafting_table":2,"minecraft:grass_block":5,"minecraft:melon":4,"minecraft:chest":6,"spore:fungal_stem":4,"minecraft:cobblestone":1,"spore:growths_small":4,"spore:mycelium_veins":6,"minecraft:dark_oak_slab":3,"spore:bloomfung2":17,"minecraft:birch_log":21,"spore:blomfung":6,"minecraft:barrel":1,"minecraft:birch_leaves":7,"minecraft:anvil":1,"spore:growth_mycelium":9,"spore:fungal_stem_top":1,"minecraft:bookshelf":10,"minecraft:grass":4,"minecraft:oak_log":78,"minecraft:dirt":1,"spore:hanging_fungal_stem":7,"minecraft:oak_leaves":33},"minecraft:crafted":{"minecraft:oak_planks":20,"minecraft:crafting_table":1,"minecraft:stone_axe":1,"minecraft:oak_boat":1,"minecraft:stick":8,"minecraft:stone_pickaxe":1,"minecraft:stone_sword":2}},"DataVersion":3465}