{"stats":{"minecraft:dropped":{"spore:rooted_mycelium":1,"minecraft:stone_sword":1},"minecraft:custom":{"minecraft:time_since_rest":8633,"minecraft:sprint_one_cm":129992,"minecraft:damage_taken":1965,"minecraft:walk_one_cm":51871,"minecraft:mob_kills":9,"minecraft:drop":2,"minecraft:damage_dealt":1307,"minecraft:swim_one_cm":19351,"minecraft:interact_with_crafting_table":3,"minecraft:fly_one_cm":105390,"minecraft:open_barrel":5,"minecraft:open_chest":9,"minecraft:crouch_one_cm":1664,"minecraft:play_time":26614,"tombstone:undead_killed":3,"minecraft:deaths":7,"minecraft:sneak_time":989,"minecraft:walk_under_water_one_cm":769,"minecraft:jump":496,"minecraft:leave_game":2,"minecraft:time_since_death":10098,"minecraft:walk_on_water_one_cm":4301,"minecraft:total_world_time":26614,"minecraft:fall_one_cm":2665},"minecraft:killed_by":{"spore:lacerator":1,"spore:plagued":2,"minecraft:player":1,"minecraft:skeleton":1,"minecraft:creeper":1},"minecraft:picked_up":{"minecraft:birch_log":18,"spore:mutated_heart":1,"minecraft:crafting_table":1,"spore:cerebrum":1,"minecraft:poisonous_potato":1,"minecraft:oak_log":39,"spore:innards":1,"minecraft:red_bed":1,"minecraft:dirt":5,"spore:claw_fragment":4,"minecraft:quartz_block":10,"minecraft:bone":4,"minecraft:arrow":5,"minecraft:bow":1,"spore:rooted_mycelium":2,"minecraft:oak_boat":1,"minecraft:rose_bush":2,"spore:mutated_fiber":4,"spore:spine_fragment":2,"minecraft:oak_sapling":3,"minecraft:chest":4,"minecraft:cobblestone":43},"minecraft:killed":{"spore:inf_pillager":1,"minecraft:skeleton":3,"spore:inf_player":2,"spore:leaper":1},"minecraft:used":{"minecraft:stone_sword":123,"minecraft:chest":3,"spore:rooted_mycelium":1,"minecraft:stone_axe":75,"minecraft:dirt":4,"minecraft:cobblestone":5,"minecraft:crafting_table":2,"tombstone:gift":4,"minecraft:oak_boat":1},"minecraft:mined":{"spore:fungal_roots":4,"spore:mycelium_veins":6,"spore:wall_growths_big":14,"spore:wall_growths":12,"spore:bloomfung2":17,"minecraft:birch_log":18,"spore:blomfung":6,"spore:fungal_stem_top":1,"spore:growth_mycelium":8,"spore:growths_big":10,"minecraft:crafting_table":1,"minecraft:grass":3,"minecraft:grass_block":5,"minecraft:oak_log":39,"minecraft:chest":4,"spore:fungal_stem":4,"spore:hanging_fungal_stem":7,"spore:growths_small":4,"minecraft:oak_leaves":19},"minecraft:crafted":{"minecraft:oak_boat":1,"minecraft:oak_planks":20,"minecraft:crafting_table":1,"minecraft:stick":8,"minecraft:stone_pickaxe":1,"minecraft:stone_sword":2,"minecraft:stone_axe":1}},"DataVersion":3465}