{"stats":{"minecraft:dropped":{"spore:rooted_mycelium":1,"minecraft:oak_log":79,"minecraft:stone_sword":1,"minecraft:birch_sapling":1,"minecraft:birch_log":21},"minecraft:custom":{"minecraft:interact_with_anvil":1,"minecraft:mob_kills":19,"minecraft:interact_with_crafting_table":5,"minecraft:open_barrel":14,"minecraft:pot_flower":1,"minecraft:leave_game":2,"minecraft:time_since_death":2997,"minecraft:sleep_in_bed":1,"minecraft:climb_one_cm":2456,"minecraft:time_since_rest":598,"minecraft:sprint_one_cm":271020,"minecraft:damage_taken":5349,"minecraft:walk_one_cm":157550,"minecraft:drop":6,"minecraft:damage_dealt":3160,"minecraft:swim_one_cm":19351,"minecraft:fly_one_cm":150935,"minecraft:open_chest":28,"minecraft:crouch_one_cm":7092,"minecraft:play_time":62248,"tombstone:undead_killed":8,"minecraft:deaths":19,"minecraft:sneak_time":3198,"minecraft:walk_under_water_one_cm":769,"minecraft:boat_one_cm":1462,"minecraft:jump":1057,"minecraft:walk_on_water_one_cm":4301,"minecraft:total_world_time":62248,"minecraft:fall_one_cm":16640},"minecraft:killed_by":{"spore:inf_player":2,"minecraft:player":2,"minecraft:skeleton":6,"minecraft:creeper":2,"minecraft:zombie":2,"spore:lacerator":1,"spore:plagued":2},"minecraft:picked_up":{"minecraft:birch_log":21,"minecraft:waxed_oxidized_cut_copper":1,"spore:mutated_heart":1,"minecraft:crafting_table":2,"minecraft:wheat":5,"minecraft:mud_bricks":1,"minecraft:anvil":1,"minecraft:flower_pot":1,"minecraft:redstone_lamp":1,"minecraft:birch_planks":1,"minecraft:enchanted_book":1,"minecraft:gold_block":3,"minecraft:oak_log":83,"minecraft:gunpowder":1,"minecraft:dark_oak_trapdoor":2,"minecraft:gray_concrete":5,"minecraft:dirt":25,"spore:innards":1,"minecraft:red_bed":1,"tombstone:gift":1,"minecraft:iron_axe":1,"minecraft:bone":10,"minecraft:bow":1,"minecraft:acacia_trapdoor":1,"minecraft:wheat_seeds":2,"minecraft:spruce_planks":5,"minecraft:dark_oak_sign":1,"minecraft:rose_bush":2,"minecraft:oak_boat":3,"spore:rooted_mycelium":2,"spore:mutated_fiber":4,"minecraft:iron_pickaxe":1,"minecraft:moss_block":2,"minecraft:melon_slice":22,"minecraft:chest":10,"minecraft:birch_sapling":2,"minecraft:oak_planks":1,"minecraft:oxidized_cut_copper":10,"minecraft:dark_oak_stairs":3,"minecraft:book":30,"minecraft:black_terracotta":2,"minecraft:stick":4,"minecraft:dark_oak_slab":5,"spore:cerebrum":1,"minecraft:daylight_detector":2,"minecraft:poisonous_potato":1,"inventorypets:pet_chicken":1,"minecraft:melon":4,"minecraft:diamond_block":8,"minecraft:redstone":42,"alexsmobs:animal_dictionary":1,"minecraft:dark_prismarine":1,"minecraft:barrel":1,"spore:claw_fragment":4,"minecraft:quartz_block":10,"minecraft:arrow":7,"minecraft:rotten_flesh":1,"minecraft:diamond":2,"minecraft:stone_axe":1,"minecraft:golden_apple":7,"minecraft:white_concrete":2,"minecraft:gold_ingot":78,"spore:spine_fragment":2,"minecraft:oak_sapling":10,"minecraft:oak_leaves":3,"minecraft:cobblestone":44},"minecraft:killed":{"spore:inf_player":4,"spore:leaper":1,"spore:inf_pillager":1,"minecraft:skeleton":6,"minecraft:zombie":2},"minecraft:used":{"spore:sicken_biomass_block":1,"minecraft:stone_sword":187,"minecraft:melon":4,"minecraft:acacia_trapdoor":1,"minecraft:stone_pickaxe":2,"minecraft:oak_planks":1,"spore:biomass_block":2,"minecraft:chest":6,"spore:rooted_mycelium":1,"minecraft:oak_leaves":3,"minecraft:oxidized_cut_copper":1,"minecraft:dirt":22,"minecraft:anvil":1,"minecraft:crafting_table":3,"minecraft:red_bed":1,"minecraft:gray_concrete":5,"minecraft:spruce_boat":2,"minecraft:flower_pot":1,"minecraft:iron_axe":27,"minecraft:melon_slice":5,"minecraft:iron_pickaxe":1,"minecraft:quartz_block":10,"minecraft:dark_oak_slab":5,"tombstone:grave_key":3,"minecraft:barrel":1,"minecraft:stone_axe":134,"minecraft:bow":9,"minecraft:cobblestone":5,"tombstone:gift":6,"minecraft:oak_boat":3,"minecraft:white_concrete":2},"minecraft:broken":{"minecraft:stone_axe":1},"minecraft:mined":{"spore:fungal_roots":4,"minecraft:spruce_planks":4,"spore:wall_growths_big":14,"spore:wall_growths":12,"minecraft:red_bed":1,"spore:growths_big":10,"minecraft:crafting_table":2,"minecraft:grass_block":5,"minecraft:melon":4,"minecraft:chest":9,"spore:fungal_stem":4,"minecraft:cobblestone":1,"minecraft:mud_bricks":1,"spore:growths_small":4,"spore:mycelium_veins":6,"minecraft:dark_oak_slab":3,"minecraft:acacia_trapdoor":1,"spore:bloomfung2":17,"minecraft:birch_log":21,"spore:blomfung":6,"minecraft:barrel":1,"minecraft:birch_leaves":7,"minecraft:anvil":1,"spore:growth_mycelium":9,"minecraft:dark_oak_stairs":2,"spore:fungal_stem_top":1,"minecraft:bookshelf":10,"minecraft:grass":4,"minecraft:oak_log":78,"minecraft:dirt":1,"spore:hanging_fungal_stem":7,"minecraft:oak_leaves":33},"minecraft:crafted":{"minecraft:oak_planks":20,"minecraft:crafting_table":1,"minecraft:stone_axe":1,"minecraft:oak_boat":1,"minecraft:stick":8,"minecraft:stone_pickaxe":1,"minecraft:stone_sword":2,"minecraft:spruce_boat":1}},"DataVersion":3465}