{"stats":{"minecraft:killed":{"minecraft:pig":8,"minecraft:spider":4,"minecraft:iron_golem":1,"minecraft:creeper":2,"spore:inf_villager":1,"minecraft:sheep":1,"minecraft:horse":4,"minecraft:skeleton":3,"minecraft:zombie":4,"minecraft:chicken":8,"spore:inf_witch":2,"minecraft:cow":4},"minecraft:dropped":{"minecraft:wheat_seeds":2,"minecraft:poppy":1},"minecraft:mined":{"minecraft:crafting_table":1,"minecraft:tall_grass":18,"minecraft:grass":15,"minecraft:oak_log":3},"minecraft:custom":{"minecraft:interact_with_furnace":4,"minecraft:mob_kills":42,"minecraft:interact_with_crafting_table":12,"minecraft:interact_with_loom":2,"minecraft:time_since_death":9864,"minecraft:sleep_in_bed":2,"minecraft:climb_one_cm":996,"minecraft:time_since_rest":9652,"minecraft:sprint_one_cm":164019,"minecraft:damage_absorbed":40,"minecraft:damage_taken":980,"minecraft:walk_one_cm":51762,"minecraft:damage_blocked_by_shield":540,"minecraft:drop":3,"minecraft:damage_dealt":7128,"minecraft:fly_one_cm":211790,"minecraft:open_chest":45,"minecraft:crouch_one_cm":2015,"minecraft:play_time":39671,"tombstone:undead_killed":7,"minecraft:deaths":2,"minecraft:sneak_time":1255,"minecraft:jump":1005,"minecraft:interact_with_blast_furnace":1,"minecraft:walk_on_water_one_cm":1555,"minecraft:total_world_time":39671,"minecraft:interact_with_smoker":19,"minecraft:fall_one_cm":26519},"minecraft:broken":{"minecraft:golden_boots":1,"minecraft:wooden_sword":1,"minecraft:stone_sword":1,"minecraft:iron_leggings":1,"minecraft:golden_chestplate":1,"minecraft:golden_leggings":1},"minecraft:crafted":{"minecraft:oak_planks":12,"sophisticatedbackpacks:backpack":1,"minecraft:cooked_porkchop":12,"minecraft:cooked_chicken":4,"minecraft:cooked_mutton":2,"minecraft:air":0,"minecraft:oak_boat":1,"minecraft:shield":1,"minecraft:chest":1},"minecraft:used":{"minecraft:cooked_mutton":2,"minecraft:stone_sword":99,"minecraft:shield":9,"minecraft:iron_sword":15,"minecraft:golden_apple":1,"minecraft:dirt":6,"minecraft:crafting_table":1,"minecraft:iron_boots":1,"minecraft:wooden_sword":55,"minecraft:cooked_porkchop":4,"minecraft:oak_boat":1},"minecraft:picked_up":{"minecraft:crafting_table":1,"minecraft:iron_chestplate":1,"minecraft:feather":10,"minecraft:chicken":8,"minecraft:leather":2,"minecraft:golden_leggings":1,"minecraft:oak_log":3,"minecraft:golden_boots":1,"minecraft:gunpowder":2,"minecraft:dirt":2,"minecraft:string":5,"minecraft:iron_leggings":1,"minecraft:bone":4,"minecraft:bow":2,"minecraft:wheat_seeds":2,"minecraft:iron_ingot":3,"minecraft:beef":9,"spore:mutated_fiber":2,"minecraft:poppy":1,"minecraft:iron_sword":1,"minecraft:iron_boots":1,"minecraft:egg":2,"spore:cerebrum":1,"minecraft:porkchop":15,"tombstone:grave_dust":1,"minecraft:golden_chestplate":1,"minecraft:arrow":47,"minecraft:rotten_flesh":2,"minecraft:iron_helmet":1,"minecraft:mutton":2,"minecraft:white_wool":1},"minecraft:killed_by":{"minecraft:creeper":1,"minecraft:iron_golem":1}},"DataVersion":3465}