{"stats":{"minecraft:killed_by":{"minecraft:player":1,"spore:busser":3,"minecraft:creeper":1,"minecraft:spider":1,"iceandfire:siren":2,"spore:usurper":3,"minecraft:iron_golem":1,"spore:inquisitor":3,"iceandfire:sea_serpent":8,"cataclysm:deepling":1,"spore:inf_player":5,"iceandfire:gorgon":2,"iceandfire:ice_dragon":5,"spore:howitzer":2,"spore:brot":2,"iceandfire:fire_dragon":2},"minecraft:used":{"minecraft:stone_sword":117,"minecraft:iron_shovel":90,"minecraft:chest":4,"minecraft:spruce_planks":1,"minecraft:shield":67,"minecraft:iron_sword":243,"minecraft:cooked_chicken":2,"minecraft:dirt":49,"minecraft:milk_bucket":1,"minecraft:spruce_boat":13,"iceandfire:ghost_chest":1,"minecraft:iron_boots":1,"minecraft:barrel":3,"minecraft:bow":89,"minecraft:sweet_berries":2,"tombstone:gift":4,"minecraft:cooked_beef":4,"minecraft:cobbled_deepslate":1,"minecraft:cooked_mutton":10,"minecraft:water_bucket":2,"minecraft:leather_leggings":1,"minecraft:golden_apple":1,"minecraft:crafting_table":10,"minecraft:white_bed":5,"minecraft:spruce_log":1,"waystones:waystone":3,"minecraft:bread":6,"minecraft:melon_slice":43,"minecraft:suspicious_stew":1,"minecraft:iron_pickaxe":5,"iceandfire:graveyard_soil":2,"tombstone:grave_key":4,"iceandfire:ash":2,"minecraft:stone_axe":117,"minecraft:wooden_sword":55,"minecraft:cobblestone":1,"minecraft:cooked_porkchop":4,"minecraft:bucket":3,"minecraft:oak_boat":18},"minecraft:crafted":{"minecraft:oak_planks":52,"minecraft:cooked_chicken":4,"iceandfire:dragon_stick":1,"iceandfire:tide_green_chestplate":1,"iceandfire:dragon_flute":1,"minecraft:cooked_mutton":2,"minecraft:spruce_wood":3,"minecraft:chest":6,"minecraft:spruce_boat":3,"sophisticatedbackpacks:backpack":2,"minecraft:cooked_porkchop":12,"minecraft:crafting_table":4,"minecraft:spruce_planks":56,"minecraft:stone_axe":2,"minecraft:air":0,"minecraft:jungle_planks":8,"minecraft:oak_boat":3,"minecraft:shield":2,"minecraft:stick":4,"minecraft:iron_pickaxe":1,"minecraft:iron_shovel":1,"iceandfire:dragon_horn":1,"minecraft:white_bed":2},"minecraft:picked_up":{"sophisticatedbackpacks:gold_backpack":1,"iceandfire:dragon_skull_lightning":3,"minecraft:iron_chestplate":4,"minecraft:crafting_table":5,"spore:mutated_heart":2,"minecraft:chicken":12,"iceandfire:fire_lily":4,"minecraft:lead":3,"iceandfire:chain":1,"minecraft:shield":1,"iceandfire:manuscript":5,"spore:innards":1,"minecraft:string":10,"minecraft:iron_leggings":4,"iceandfire:graveyard_soil":2,"minecraft:gold_nugget":5,"minecraft:cobbled_deepslate":2,"minecraft:spruce_planks":2,"minecraft:beef":10,"minecraft:oak_boat":16,"minecraft:poppy":1,"minecraft:iron_pickaxe":1,"alexsmobs:raccoon_tail":2,"spore:tumor":1,"minecraft:melon_slice":34,"minecraft:sugar_cane":2,"iceandfire:ice_dragon_heart":1,"minecraft:iron_boots":3,"minecraft:egg":3,"iceandfire:ghost_chest":3,"minecraft:stick":27,"iceandfire:dragonbone":87,"iceandfire:dragonscales_green":14,"minecraft:copper_ingot":2,"sophisticatedbackpacks:backpack":1,"minecraft:porkchop":15,"tombstone:grave_dust":2,"minecraft:golden_chestplate":1,"iceandfire:dragon_skull_ice":1,"iceandfire:silver_ingot":2,"minecraft:arrow":74,"minecraft:rotten_flesh":6,"iceandfire:dragonscales_silver":47,"iceandfire:fire_dragon_heart":1,"alexsmobs:lost_tentacle":1,"minecraft:gold_ingot":1,"iceandfire:armor_green_helmet":1,"minecraft:mutton":10,"minecraft:white_wool":8,"minecraft:cobblestone":5,"minecraft:feather":17,"minecraft:cooked_beef":5,"iceandfire:sea_serpent_fang":2,"minecraft:water_bucket":1,"minecraft:salmon":1,"minecraft:jungle_log":2,"minecraft:brown_wool":1,"minecraft:leather":4,"minecraft:golden_leggings":1,"alexsmobs:bear_fur":4,"minecraft:oak_log":13,"iceandfire:dragonegg_sapphire":1,"iceandfire:ectoplasm":4,"minecraft:golden_boots":1,"minecraft:gunpowder":3,"minecraft:dirt":201,"tombstone:gift":1,"minecraft:bone":27,"minecraft:kelp":2,"minecraft:bow":3,"minecraft:wheat_seeds":19,"minecraft:iron_ingot":6,"minecraft:stone_pickaxe":1,"minecraft:cooked_chicken":1,"spore:mutated_fiber":39,"minecraft:bamboo":1,"minecraft:iron_sword":2,"spore:cerebrum":1,"minecraft:milk_bucket":1,"minecraft:sweet_berries":2,"iceandfire:sea_serpent_scales_green":8,"spore:armor_fragment":5,"iceandfire:ash":2,"minecraft:stripped_spruce_log":1,"minecraft:spruce_sapling":14,"minecraft:white_bed":3,"minecraft:spruce_log":180,"spore:claw_fragment":4,"minecraft:spruce_boat":13,"minecraft:stone_axe":1,"waystones:waystone":3,"minecraft:iron_helmet":3,"minecraft:crossbow":3,"iceandfire:ice_dragon_flesh":5,"minecraft:bread":2,"iceandfire:gorgon_head":1,"minecraft:oak_sapling":2},"minecraft:broken":{"minecraft:golden_boots":1,"minecraft:chainmail_leggings":1,"minecraft:stone_sword":2,"minecraft:iron_boots":2,"minecraft:iron_chestplate":3,"minecraft:iron_leggings":3,"minecraft:golden_leggings":1,"iceandfire:tide_green_chestplate":1,"minecraft:shield":1,"minecraft:wooden_sword":1,"minecraft:leather_boots":1,"minecraft:iron_sword":2,"minecraft:iron_helmet":2,"minecraft:golden_chestplate":2},"minecraft:custom":{"minecraft:mob_kills":91,"minecraft:interact_with_crafting_table":45,"minecraft:open_barrel":11,"minecraft:leave_game":9,"minecraft:time_since_death":201,"minecraft:climb_one_cm":5725,"minecraft:sprint_one_cm":920267,"minecraft:walk_one_cm":292907,"minecraft:damage_blocked_by_shield":4370,"minecraft:drop":61,"minecraft:talked_to_villager":1,"minecraft:play_time":229386,"minecraft:deaths":44,"minecraft:sneak_time":7513,"minecraft:walk_under_water_one_cm":38143,"minecraft:boat_one_cm":755847,"minecraft:jump":4979,"minecraft:interact_with_blast_furnace":1,"minecraft:walk_on_water_one_cm":55425,"minecraft:total_world_time":229386,"minecraft:interact_with_furnace":8,"minecraft:interact_with_loom":2,"minecraft:sleep_in_bed":14,"minecraft:waystone_activated":4,"minecraft:time_since_rest":15,"minecraft:damage_taken":2147483647,"minecraft:damage_absorbed":40,"minecraft:trigger_trapped_chest":1,"minecraft:damage_dealt":19380,"minecraft:swim_one_cm":246312,"minecraft:fly_one_cm":1122668,"minecraft:open_chest":94,"minecraft:crouch_one_cm":17946,"tombstone:undead_killed":11,"tombstone:villager_killed":1,"minecraft:interact_with_smoker":20,"minecraft:fall_one_cm":112786},"minecraft:mined":{"spore:wall_growths_big":1,"minecraft:white_bed":3,"iceandfire:graveyard_soil":10,"minecraft:grass_block":6,"minecraft:jungle_log":2,"spore:infested_cobbled_deepslate":1,"minecraft:spruce_leaves":2,"spore:rotten_bush":5,"minecraft:tall_seagrass":1,"spore:blomfung":3,"minecraft:cobbled_deepslate":1,"minecraft:stripped_spruce_log":1,"minecraft:vine":1,"minecraft:crafting_table":5,"minecraft:melon":7,"iceandfire:ghost_chest":3,"iceandfire:fire_lily":4,"minecraft:tall_grass":23,"minecraft:sugar_cane":1,"minecraft:seagrass":2,"minecraft:spruce_log":107,"iceandfire:ash":2,"minecraft:grass":35,"minecraft:oak_log":13,"minecraft:mycelium":70,"minecraft:sand":1,"minecraft:dirt":3,"minecraft:oak_leaves":11,"minecraft:fern":3},"minecraft:killed":{"spore:braiomil":1,"iceandfire:gorgon":1,"minecraft:spider":7,"spore:leaper":1,"minecraft:horse":4,"minecraft:skeleton":5,"spore:griefer":1,"iceandfire:fire_dragon":1,"minecraft:chicken":11,"minecraft:pig":8,"spore:inf_player":5,"alexsmobs:grizzly_bear":1,"spore:inf_wanderer":2,"minecraft:iron_golem":1,"spore:scamper":1,"minecraft:wandering_trader":1,"minecraft:creeper":3,"spore:inf_pillager":4,"minecraft:sheep":6,"spore:inf_villager":2,"spore:mound":1,"minecraft:zombie":4,"spore:inf_human":9,"iceandfire:ghost":1,"spore:inf_witch":2,"spore:busser":1,"iceandfire:sea_serpent":1,"minecraft:cow":5},"minecraft:dropped":{"minecraft:wheat_seeds":16,"iceandfire:dragonscales_green":14,"minecraft:crossbow":2,"minecraft:feather":7,"minecraft:cobblestone":1,"minecraft:copper_ingot":1,"minecraft:stick":3,"minecraft:dirt":53,"minecraft:brown_wool":1,"minecraft:white_wool":2,"minecraft:spruce_sapling":16,"minecraft:dandelion":3,"iceandfire:dragonbone":24,"minecraft:bone":27,"minecraft:kelp":2,"minecraft:sugar_cane":2,"minecraft:rotten_flesh":4,"minecraft:oak_planks":3,"sophisticatedbackpacks:backpack":1,"spore:mutated_fiber":1,"minecraft:azure_bluet":2,"minecraft:salmon":2,"minecraft:poppy":1,"minecraft:spruce_boat":1,"iceandfire:chain":1,"iceandfire:ghost_chest":2,"minecraft:gunpowder":1,"minecraft:oak_sapling":2,"minecraft:bamboo":1,"minecraft:bow":1,"minecraft:arrow":7,"iceandfire:dragon_skull_lightning":2,"minecraft:egg":3}},"DataVersion":3465}