{"stats":{"minecraft:killed_by":{"spore:busser":1,"minecraft:creeper":1,"minecraft:spider":1,"minecraft:iron_golem":1,"iceandfire:sea_serpent":5,"cataclysm:deepling":1,"spore:inf_player":2,"iceandfire:gorgon":2,"spore:brot":2},"minecraft:used":{"minecraft:stone_sword":117,"minecraft:iron_shovel":8,"minecraft:spruce_planks":1,"minecraft:shield":37,"minecraft:iron_sword":112,"minecraft:cooked_chicken":2,"minecraft:dirt":17,"minecraft:milk_bucket":1,"minecraft:spruce_boat":9,"iceandfire:ghost_chest":1,"minecraft:iron_boots":1,"minecraft:bow":13,"minecraft:sweet_berries":2,"tombstone:gift":4,"minecraft:cooked_beef":4,"minecraft:cobbled_deepslate":1,"minecraft:cooked_mutton":4,"minecraft:golden_apple":1,"minecraft:crafting_table":8,"minecraft:white_bed":4,"waystones:waystone":2,"minecraft:bread":6,"minecraft:melon_slice":15,"minecraft:iron_pickaxe":3,"iceandfire:graveyard_soil":2,"minecraft:stone_axe":116,"minecraft:wooden_sword":55,"minecraft:cobblestone":1,"minecraft:cooked_porkchop":4,"minecraft:bucket":1,"minecraft:oak_boat":10},"minecraft:crafted":{"minecraft:oak_planks":44,"minecraft:cooked_chicken":4,"iceandfire:tide_green_chestplate":1,"minecraft:cooked_mutton":2,"minecraft:chest":2,"minecraft:spruce_boat":3,"sophisticatedbackpacks:backpack":2,"minecraft:cooked_porkchop":12,"minecraft:crafting_table":3,"minecraft:spruce_planks":20,"minecraft:stone_axe":2,"minecraft:air":0,"minecraft:jungle_planks":8,"minecraft:oak_boat":2,"minecraft:shield":2,"minecraft:stick":4,"minecraft:iron_pickaxe":1,"minecraft:iron_shovel":1,"minecraft:white_bed":1},"minecraft:picked_up":{"iceandfire:dragon_skull_lightning":3,"minecraft:iron_chestplate":2,"minecraft:crafting_table":5,"spore:mutated_heart":1,"minecraft:chicken":12,"iceandfire:fire_lily":4,"minecraft:shield":1,"iceandfire:manuscript":5,"minecraft:string":10,"minecraft:iron_leggings":2,"iceandfire:graveyard_soil":2,"minecraft:cobbled_deepslate":1,"minecraft:gold_nugget":5,"minecraft:spruce_planks":2,"minecraft:beef":10,"minecraft:oak_boat":8,"minecraft:poppy":1,"minecraft:iron_pickaxe":1,"minecraft:melon_slice":34,"minecraft:sugar_cane":2,"minecraft:iron_boots":1,"minecraft:egg":3,"minecraft:stick":5,"iceandfire:dragonbone":56,"iceandfire:ghost_chest":3,"minecraft:copper_ingot":2,"sophisticatedbackpacks:backpack":1,"minecraft:porkchop":15,"tombstone:grave_dust":2,"minecraft:golden_chestplate":1,"iceandfire:silver_ingot":2,"minecraft:arrow":70,"minecraft:rotten_flesh":4,"minecraft:gold_ingot":1,"minecraft:mutton":7,"minecraft:white_wool":6,"minecraft:cobblestone":5,"minecraft:feather":16,"minecraft:cooked_beef":5,"iceandfire:sea_serpent_fang":2,"minecraft:water_bucket":1,"minecraft:salmon":1,"minecraft:jungle_log":2,"minecraft:leather":4,"minecraft:golden_leggings":1,"alexsmobs:bear_fur":4,"minecraft:oak_log":11,"iceandfire:ectoplasm":4,"minecraft:golden_boots":1,"minecraft:gunpowder":2,"minecraft:dirt":24,"tombstone:gift":1,"minecraft:bone":27,"minecraft:kelp":2,"minecraft:bow":3,"minecraft:wheat_seeds":3,"minecraft:iron_ingot":6,"minecraft:stone_pickaxe":1,"minecraft:cooked_chicken":1,"spore:mutated_fiber":29,"minecraft:iron_sword":1,"spore:cerebrum":1,"minecraft:milk_bucket":1,"minecraft:sweet_berries":2,"iceandfire:sea_serpent_scales_green":8,"spore:armor_fragment":1,"minecraft:stripped_spruce_log":1,"minecraft:spruce_sapling":11,"minecraft:white_bed":3,"minecraft:spruce_log":179,"minecraft:spruce_boat":9,"minecraft:stone_axe":1,"waystones:waystone":3,"minecraft:iron_helmet":1,"minecraft:crossbow":3,"minecraft:bread":2,"iceandfire:gorgon_head":1},"minecraft:broken":{"minecraft:golden_boots":1,"minecraft:chainmail_leggings":1,"minecraft:stone_sword":2,"minecraft:iron_boots":1,"minecraft:iron_leggings":1,"minecraft:golden_leggings":1,"iceandfire:tide_green_chestplate":1,"minecraft:shield":1,"minecraft:wooden_sword":1,"minecraft:iron_helmet":1,"minecraft:golden_chestplate":2},"minecraft:custom":{"minecraft:mob_kills":72,"minecraft:interact_with_crafting_table":33,"minecraft:leave_game":6,"minecraft:time_since_death":28278,"minecraft:climb_one_cm":3530,"minecraft:sprint_one_cm":583555,"minecraft:walk_one_cm":162655,"minecraft:damage_blocked_by_shield":3600,"minecraft:drop":28,"minecraft:play_time":128281,"minecraft:deaths":16,"minecraft:sneak_time":5472,"minecraft:walk_under_water_one_cm":27265,"minecraft:boat_one_cm":374273,"minecraft:jump":3095,"minecraft:interact_with_blast_furnace":1,"minecraft:walk_on_water_one_cm":32156,"minecraft:total_world_time":128281,"minecraft:interact_with_furnace":4,"minecraft:interact_with_loom":2,"minecraft:sleep_in_bed":9,"minecraft:waystone_activated":3,"minecraft:time_since_rest":27063,"minecraft:damage_taken":2147483647,"minecraft:damage_absorbed":40,"minecraft:trigger_trapped_chest":1,"minecraft:damage_dealt":13416,"minecraft:swim_one_cm":94603,"minecraft:fly_one_cm":647782,"minecraft:open_chest":46,"minecraft:crouch_one_cm":9951,"tombstone:undead_killed":10,"minecraft:interact_with_smoker":19,"minecraft:fall_one_cm":66180},"minecraft:mined":{"minecraft:white_bed":3,"iceandfire:graveyard_soil":10,"minecraft:jungle_log":2,"minecraft:spruce_leaves":2,"minecraft:stripped_spruce_log":1,"minecraft:vine":1,"minecraft:crafting_table":5,"minecraft:melon":7,"iceandfire:ghost_chest":3,"iceandfire:fire_lily":4,"minecraft:tall_grass":20,"minecraft:sugar_cane":1,"minecraft:seagrass":2,"minecraft:spruce_log":106,"minecraft:grass":28,"minecraft:oak_log":11,"minecraft:oak_leaves":11,"minecraft:fern":3},"minecraft:killed":{"iceandfire:gorgon":1,"minecraft:spider":7,"minecraft:horse":4,"minecraft:skeleton":4,"spore:griefer":1,"minecraft:chicken":11,"minecraft:pig":8,"alexsmobs:grizzly_bear":1,"spore:inf_player":2,"spore:inf_wanderer":1,"minecraft:iron_golem":1,"minecraft:creeper":2,"spore:inf_pillager":2,"minecraft:sheep":5,"spore:inf_villager":1,"minecraft:zombie":4,"spore:inf_human":7,"iceandfire:ghost":1,"spore:inf_witch":2,"iceandfire:sea_serpent":1,"minecraft:cow":5},"minecraft:dropped":{"minecraft:wheat_seeds":3,"minecraft:crossbow":2,"minecraft:feather":7,"minecraft:cobblestone":1,"minecraft:copper_ingot":1,"minecraft:stick":3,"minecraft:spruce_sapling":13,"minecraft:bone":27,"minecraft:kelp":2,"minecraft:sugar_cane":2,"minecraft:rotten_flesh":2,"spore:mutated_fiber":1,"minecraft:salmon":2,"minecraft:poppy":1,"minecraft:spruce_boat":1,"minecraft:bow":1,"iceandfire:dragon_skull_lightning":2,"minecraft:egg":3}},"DataVersion":3465}