{"stats":{"minecraft:dropped":{"minecraft:oak_log":79,"minecraft:milk_bucket":1,"minecraft:birch_log":21,"spore:rooted_mycelium":1,"minecraft:stone_sword":1,"minecraft:birch_sapling":1},"minecraft:custom":{"minecraft:mob_kills":20,"minecraft:interact_with_anvil":1,"minecraft:interact_with_crafting_table":5,"minecraft:open_barrel":37,"minecraft:leave_game":2,"minecraft:time_since_death":14997,"minecraft:climb_one_cm":2456,"minecraft:sprint_one_cm":302066,"minecraft:walk_one_cm":182541,"minecraft:drop":7,"minecraft:play_time":74248,"minecraft:deaths":19,"minecraft:sneak_time":3446,"minecraft:walk_under_water_one_cm":769,"minecraft:boat_one_cm":1462,"minecraft:jump":1234,"minecraft:walk_on_water_one_cm":4301,"minecraft:total_world_time":74248,"minecraft:pot_flower":1,"minecraft:sleep_in_bed":1,"minecraft:time_since_rest":12598,"minecraft:damage_taken":5349,"minecraft:damage_dealt":3280,"minecraft:swim_one_cm":19351,"minecraft:fly_one_cm":173382,"minecraft:open_chest":40,"minecraft:crouch_one_cm":7658,"tombstone:undead_killed":9,"minecraft:interact_with_smoker":1,"minecraft:fall_one_cm":18546},"minecraft:killed_by":{"minecraft:player":2,"minecraft:creeper":2,"spore:lacerator":1,"spore:plagued":2,"spore:inf_player":2,"minecraft:skeleton":6,"minecraft:zombie":2},"minecraft:picked_up":{"spore:incubator":1,"minecraft:crafting_table":2,"minecraft:waxed_oxidized_cut_copper":4,"spore:mutated_heart":1,"minecraft:wheat":10,"minecraft:flower_pot":1,"minecraft:anvil":1,"minecraft:redstone_lamp":1,"minecraft:cooked_rabbit":1,"minecraft:gold_block":3,"minecraft:enchanted_book":1,"minecraft:crimson_trapdoor":1,"minecraft:red_bed":1,"spore:innards":1,"minecraft:string":13,"minecraft:dark_oak_trapdoor":2,"minecraft:moss_carpet":1,"minecraft:iron_axe":1,"minecraft:item_frame":1,"minecraft:spruce_planks":5,"minecraft:waxed_exposed_cut_copper":1,"spore:rooted_mycelium":2,"minecraft:oak_boat":4,"minecraft:rose_bush":2,"minecraft:iron_pickaxe":1,"minecraft:melon_slice":22,"minecraft:chest":14,"minecraft:birch_sapling":3,"minecraft:stick":12,"minecraft:redstone":42,"minecraft:dark_oak_planks":1,"minecraft:quartz_block":10,"minecraft:arrow":7,"minecraft:rotten_flesh":1,"minecraft:pumpkin_pie":3,"minecraft:waxed_oxidized_cut_copper_stairs":2,"minecraft:gold_ingot":78,"spore:zoaholic":1,"spore:alveolic_sack":4,"minecraft:cobblestone":75,"minecraft:birch_log":21,"minecraft:mud_bricks":4,"minecraft:cooked_beef":12,"minecraft:tripwire_hook":8,"minecraft:birch_planks":1,"minecraft:packed_mud":1,"minecraft:oak_log":83,"minecraft:gunpowder":1,"minecraft:gray_concrete":5,"minecraft:dirt":26,"tombstone:gift":1,"minecraft:cooked_mutton":1,"minecraft:bone":18,"minecraft:bow":2,"minecraft:wheat_seeds":2,"minecraft:acacia_trapdoor":1,"minecraft:cooked_chicken":3,"minecraft:dark_oak_sign":1,"spore:mutated_fiber":52,"minecraft:glass_bottle":3,"minecraft:moss_block":2,"minecraft:oak_planks":8,"minecraft:oxidized_cut_copper":28,"minecraft:dark_oak_stairs":3,"minecraft:book":66,"spore:cerebrum":6,"minecraft:dark_oak_slab":5,"minecraft:black_terracotta":2,"minecraft:daylight_detector":4,"minecraft:poisonous_potato":2,"inventorypets:pet_chicken":1,"minecraft:melon":4,"minecraft:diamond_block":8,"minecraft:barrel":9,"alexsmobs:animal_dictionary":1,"minecraft:dark_prismarine":1,"spore:claw_fragment":4,"minecraft:diamond":2,"minecraft:stone_axe":1,"minecraft:spruce_boat":1,"minecraft:golden_apple":16,"minecraft:white_concrete":2,"spore:spine_fragment":2,"minecraft:oak_sapling":20,"minecraft:oak_leaves":3},"minecraft:killed":{"spore:leaper":1,"minecraft:skeleton":6,"spore:inf_player":4,"spore:inf_pillager":1,"minecraft:zombie":3},"minecraft:used":{"minecraft:stone_sword":190,"minecraft:melon":4,"spore:biomass_block":2,"minecraft:chest":6,"spore:rooted_mycelium":1,"minecraft:oxidized_cut_copper":1,"minecraft:dirt":22,"minecraft:anvil":1,"minecraft:spruce_boat":2,"minecraft:iron_axe":27,"minecraft:quartz_block":10,"minecraft:dark_oak_slab":5,"minecraft:barrel":9,"minecraft:item_frame":1,"minecraft:bow":9,"tombstone:gift":6,"spore:sicken_biomass_block":1,"minecraft:acacia_trapdoor":1,"minecraft:stone_pickaxe":12,"minecraft:oak_planks":1,"minecraft:oak_leaves":3,"minecraft:crafting_table":3,"minecraft:red_bed":1,"minecraft:gray_concrete":5,"minecraft:flower_pot":1,"minecraft:melon_slice":5,"minecraft:iron_pickaxe":1,"tombstone:grave_key":3,"minecraft:stone_axe":158,"minecraft:cobblestone":5,"minecraft:pumpkin_pie":1,"minecraft:oak_boat":3,"minecraft:white_concrete":2},"minecraft:broken":{"minecraft:stone_axe":1},"minecraft:mined":{"spore:fungal_roots":4,"spore:wall_growths_big":14,"minecraft:spruce_planks":4,"spore:wall_growths":12,"minecraft:grass_block":5,"spore:fungal_stem":4,"minecraft:mud_bricks":4,"spore:growths_small":4,"spore:mycelium_veins":6,"minecraft:waxed_oxidized_cut_copper":3,"minecraft:packed_mud":1,"minecraft:acacia_trapdoor":1,"spore:blomfung":6,"minecraft:barrel":9,"minecraft:moss_carpet":1,"minecraft:anvil":1,"spore:growth_mycelium":9,"minecraft:dark_oak_stairs":2,"minecraft:bookshelf":22,"minecraft:red_bed":1,"spore:growths_big":10,"minecraft:crafting_table":2,"minecraft:melon":4,"minecraft:chest":13,"minecraft:cobblestone":1,"minecraft:dark_oak_slab":3,"minecraft:birch_log":21,"spore:bloomfung2":17,"minecraft:waxed_oxidized_cut_copper_stairs":2,"minecraft:birch_leaves":7,"spore:fungal_stem_top":1,"minecraft:grass":4,"minecraft:oak_log":78,"minecraft:dirt":2,"spore:hanging_fungal_stem":7,"minecraft:oak_leaves":33},"minecraft:crafted":{"minecraft:oak_planks":20,"minecraft:stone_pickaxe":1,"minecraft:spruce_boat":1,"minecraft:crafting_table":1,"minecraft:stone_axe":1,"minecraft:oak_boat":1,"minecraft:stick":8,"minecraft:stone_sword":2}},"DataVersion":3465}