{"stats":{"minecraft:crafted":{"minecraft:oak_planks":60,"minecraft:crafting_table":1,"minecraft:stick":4,"minecraft:wooden_pickaxe":1,"minecraft:stone_pickaxe":1,"minecraft:stone_axe":1},"minecraft:picked_up":{"minecraft:stick":2,"minecraft:crafting_table":1,"minecraft:jungle_log":11,"spore:infested_dirt":1,"minecraft:red_mushroom":4,"minecraft:oak_log":15,"tombstone:grave_dust":2,"minecraft:dirt":14,"minecraft:bone":2,"iceandfire:troll_weapon_axe":1,"iceandfire:troll_leather_forest":4,"minecraft:birch_sapling":3,"minecraft:cobblestone":36},"minecraft:killed":{"minecraft:skeleton":2},"minecraft:dropped":{"tombstone:grave_dust":1},"minecraft:mined":{"minecraft:birch_leaves":3,"minecraft:crafting_table":1,"minecraft:grass":3,"minecraft:oak_log":16,"minecraft:mycelium":1,"minecraft:vine":1,"minecraft:jungle_log":14,"minecraft:stone":36,"spore:infested_dirt":1,"minecraft:oak_leaves":4},"minecraft:used":{"spore:infested_dirt":1,"minecraft:wooden_pickaxe":36,"minecraft:stone_axe":21,"minecraft:dirt":11,"minecraft:crafting_table":1,"tombstone:gift":1},"minecraft:killed_by":{"spore:inf_evoker":2,"minecraft:skeleton":2},"minecraft:custom":{"minecraft:time_since_rest":1,"minecraft:sprint_one_cm":62624,"minecraft:damage_taken":1385,"minecraft:walk_one_cm":32866,"minecraft:mob_kills":2,"minecraft:drop":1,"minecraft:damage_dealt":400,"minecraft:swim_one_cm":8200,"minecraft:interact_with_crafting_table":4,"minecraft:fly_one_cm":54811,"minecraft:open_chest":2,"tombstone:undead_killed":2,"minecraft:play_time":15260,"minecraft:deaths":5,"minecraft:sneak_time":10,"minecraft:walk_under_water_one_cm":869,"minecraft:jump":389,"minecraft:leave_game":1,"minecraft:walk_on_water_one_cm":5092,"minecraft:time_since_death":1947,"minecraft:climb_one_cm":2753,"minecraft:total_world_time":15260,"minecraft:fall_one_cm":3351,"minecraft:horse_one_cm":55}},"DataVersion":3465}