{"stats":{"minecraft:killed_by":{"spore:busser":1,"spore:inf_human":3,"minecraft:drowned":1,"iceandfire:dread_ghoul":1,"iceandfire:sea_serpent":1,"spore:inf_pillager":1,"alexsmobs:tiger":1,"spore:inf_player":4,"alexsmobs:grizzly_bear":3,"spore:inf_witch":1,"iceandfire:ghost":2,"spore:brot":2},"minecraft:used":{"minecraft:chest":3,"minecraft:shield":26,"minecraft:white_terracotta":1,"minecraft:iron_sword":328,"minecraft:cooked_chicken":22,"minecraft:rotten_flesh":4,"minecraft:torch":37,"minecraft:dirt":30,"minecraft:jungle_planks":18,"minecraft:carrot":4,"minecraft:milk_bucket":1,"minecraft:spruce_boat":5,"minecraft:iron_axe":7,"minecraft:quartz_block":11,"minecraft:bamboo":13,"minecraft:bow":69,"minecraft:oak_sapling":1,"minecraft:furnace":1,"tombstone:gift":5,"alexsmobs:banana":1,"minecraft:egg":1,"minecraft:cooked_beef":8,"minecraft:cooked_mutton":3,"minecraft:water_bucket":2,"minecraft:stone_pickaxe":167,"minecraft:ender_pearl":1,"minecraft:wooden_pickaxe":9,"minecraft:jungle_boat":7,"minecraft:golden_apple":1,"minecraft:sand":8,"minecraft:oak_slab":3,"minecraft:crafting_table":6,"minecraft:white_bed":3,"minecraft:iron_pickaxe":1,"minecraft:bread":4,"tombstone:grave_key":4,"minecraft:iron_door":2,"minecraft:stone_axe":58,"minecraft:wooden_sword":9,"minecraft:cobblestone":6,"minecraft:cooked_porkchop":1,"minecraft:bucket":3,"spore:rooted_biomass":1,"minecraft:oak_boat":1,"minecraft:dandelion":2},"minecraft:crafted":{"minecraft:wooden_sword":1,"minecraft:oak_planks":28,"minecraft:furnace":1,"minecraft:cooked_mutton":10,"minecraft:iron_axe":1,"minecraft:stone_pickaxe":2,"minecraft:chest":3,"minecraft:spruce_boat":1,"minecraft:dark_oak_planks":60,"minecraft:cooked_beef":8,"minecraft:cooked_porkchop":1,"minecraft:crafting_table":3,"minecraft:spruce_planks":16,"minecraft:wooden_pickaxe":2,"minecraft:air":0,"minecraft:jungle_planks":28,"minecraft:shield":1,"minecraft:stick":30,"minecraft:iron_ingot":1,"minecraft:iron_pickaxe":1,"minecraft:white_bed":1,"minecraft:torch":76},"minecraft:picked_up":{"minecraft:crafting_table":5,"spore:mutated_heart":4,"spore:innards":1,"minecraft:string":9,"minecraft:iron_leggings":2,"alexsmobs:banana":1,"minecraft:beef":11,"minecraft:poppy":2,"minecraft:tinted_glass":2,"minecraft:sugar_cane":1,"minecraft:furnace":1,"minecraft:iron_boots":1,"minecraft:egg":1,"minecraft:dark_oak_sapling":1,"minecraft:stick":11,"minecraft:raw_iron":1,"minecraft:torch":5,"minecraft:porkchop":8,"tombstone:grave_dust":1,"minecraft:carrot":3,"minecraft:golden_chestplate":1,"minecraft:quartz_block":21,"minecraft:arrow":2,"minecraft:rotten_flesh":13,"minecraft:red_tulip":1,"minecraft:white_terracotta":1,"spore:tendons":6,"minecraft:mutton":9,"minecraft:iron_bars":1,"minecraft:white_wool":6,"minecraft:cobblestone":37,"minecraft:jungle_boat":6,"minecraft:iron_door":3,"spore:rooted_biomass":1,"minecraft:jungle_log":7,"minecraft:leather":6,"minecraft:potato":5,"minecraft:oak_log":7,"iceandfire:ectoplasm":2,"minecraft:gunpowder":2,"minecraft:dirt":58,"minecraft:wheat_seeds":4,"minecraft:iron_ingot":5,"minecraft:dark_oak_sign":1,"spore:mutated_fiber":63,"minecraft:bamboo":10,"minecraft:oak_slab":3,"spore:cerebrum":3,"minecraft:sweet_berries":34,"spore:armor_fragment":9,"minecraft:dandelion":2,"minecraft:sand":8,"minecraft:jungle_planks":8,"minecraft:spruce_sapling":1,"minecraft:white_bed":2,"minecraft:dark_oak_log":15,"minecraft:spider_eye":3,"spore:claw_fragment":14,"minecraft:spruce_boat":5,"waystones:waystone":1,"minecraft:iron_helmet":1,"minecraft:golden_apple":1,"spore:spine_fragment":3,"minecraft:oak_sapling":1,"minecraft:hopper":1,"minecraft:coal":100,"iceandfire:raw_silver":11,"minecraft:ender_pearl":1},"minecraft:broken":{"minecraft:stone_pickaxe":1},"minecraft:custom":{"minecraft:mob_kills":84,"minecraft:inspect_hopper":1,"minecraft:interact_with_crafting_table":30,"minecraft:open_barrel":5,"minecraft:leave_game":10,"minecraft:time_since_death":20825,"minecraft:climb_one_cm":5189,"minecraft:sprint_one_cm":524315,"minecraft:walk_one_cm":459545,"minecraft:damage_blocked_by_shield":1440,"minecraft:drop":30,"minecraft:damage_dealt_absorbed":27,"minecraft:play_time":233973,"minecraft:sneak_time":1230,"minecraft:deaths":26,"minecraft:walk_under_water_one_cm":19643,"minecraft:boat_one_cm":533921,"minecraft:interact_with_lectern":1,"minecraft:jump":4220,"minecraft:walk_on_water_one_cm":136820,"minecraft:total_world_time":233973,"minecraft:interact_with_furnace":17,"minecraft:interact_with_loom":1,"minecraft:sleep_in_bed":6,"minecraft:time_since_rest":9958,"minecraft:damage_taken":8462,"minecraft:damage_absorbed":40,"minecraft:trigger_trapped_chest":3,"minecraft:damage_dealt":12631,"minecraft:swim_one_cm":174282,"minecraft:fly_one_cm":825823,"minecraft:open_chest":92,"minecraft:crouch_one_cm":3926,"tombstone:undead_killed":24,"minecraft:fall_one_cm":83381},"minecraft:mined":{"spore:fungal_roots":6,"spore:wall_growths_big":26,"minecraft:white_bed":2,"spore:wall_growths":22,"iceandfire:silver_ore":11,"minecraft:dark_oak_log":13,"minecraft:grass_block":8,"minecraft:stone_brick_wall":2,"minecraft:jungle_planks":8,"minecraft:jungle_log":7,"spore:fungal_stem":13,"spore:rooted_biomass":1,"minecraft:spruce_leaves":4,"minecraft:hopper":1,"spore:growths_small":5,"minecraft:large_fern":2,"spore:mycelium_veins":1,"minecraft:furnace":1,"minecraft:carrots":1,"minecraft:iron_ore":1,"spore:blomfung":13,"spore:growth_mycelium":9,"minecraft:potatoes":1,"minecraft:vine":4,"minecraft:iron_bars":3,"spore:biomass_bulb":1,"minecraft:bamboo":2,"minecraft:stone":21,"minecraft:glass_pane":1,"minecraft:quartz_block":23,"minecraft:kelp_plant":1,"spore:growths_big":10,"minecraft:crafting_table":5,"minecraft:torch":1,"minecraft:tall_grass":6,"minecraft:cobblestone":17,"minecraft:iron_door":3,"minecraft:wall_torch":3,"minecraft:white_terracotta":1,"minecraft:tinted_glass":2,"spore:bloomfung2":68,"minecraft:sweet_berry_bush":14,"spore:fungal_stem_top":2,"minecraft:grass":17,"minecraft:oak_log":7,"minecraft:coal_ore":50,"minecraft:sand":8,"minecraft:dirt":1,"spore:hanging_fungal_stem":13,"minecraft:red_mushroom_block":3,"minecraft:stone_bricks":1,"minecraft:potted_red_tulip":1,"minecraft:oak_leaves":11,"spore:remains":2,"minecraft:fern":2},"minecraft:killed":{"spore:braiomil":2,"minecraft:spider":5,"minecraft:skeleton":1,"minecraft:drowned":2,"spore:spitter":1,"minecraft:pig":5,"spore:inf_player":8,"spore:scamper":1,"spore:inf_pillager":7,"minecraft:sheep":6,"spore:inf_villager":4,"minecraft:zombie":14,"spore:inf_human":11,"iceandfire:ghost":6,"spore:knight":1,"minecraft:cow":5},"minecraft:dropped":{"minecraft:bread":2,"minecraft:iron_sword":1,"minecraft:cooked_beef":5,"minecraft:iron_helmet":2,"spore:tendons":6,"minecraft:golden_apple":2,"tombstone:grave_key":1,"spore:innards":1,"tombstone:grave_dust":1,"minecraft:iron_leggings":2,"spore:claw_fragment":5,"minecraft:stone_axe":1,"minecraft:cooked_chicken":1,"minecraft:iron_boots":2,"spore:cerebrum":1,"minecraft:poppy":1,"minecraft:iron_chestplate":1,"minecraft:spider_eye":1,"minecraft:bow":1,"minecraft:arrow":43,"spore:armor_fragment":2}},"DataVersion":3465}