{"stats":{"minecraft:custom":{"minecraft:time_since_rest":33888,"minecraft:interact_with_furnace":1,"minecraft:sprint_one_cm":60646,"minecraft:damage_taken":1935,"minecraft:walk_one_cm":91615,"minecraft:mob_kills":7,"minecraft:drop":2,"minecraft:damage_dealt":1396,"minecraft:damage_dealt_absorbed":27,"minecraft:interact_with_crafting_table":9,"minecraft:swim_one_cm":50133,"minecraft:fly_one_cm":112972,"minecraft:open_chest":5,"minecraft:crouch_one_cm":1916,"minecraft:play_time":68783,"tombstone:undead_killed":5,"minecraft:deaths":9,"minecraft:sneak_time":511,"minecraft:walk_under_water_one_cm":9001,"minecraft:boat_one_cm":144828,"minecraft:jump":800,"minecraft:leave_game":1,"minecraft:time_since_death":35361,"minecraft:walk_on_water_one_cm":18119,"minecraft:climb_one_cm":4089,"minecraft:total_world_time":68783,"minecraft:fall_one_cm":11325},"minecraft:killed":{"minecraft:zombie":3,"spore:inf_player":2,"minecraft:drowned":2},"minecraft:crafted":{"minecraft:wooden_sword":1,"minecraft:crafting_table":1,"minecraft:stick":10,"minecraft:wooden_pickaxe":2,"minecraft:stone_pickaxe":1,"minecraft:dark_oak_planks":12,"minecraft:torch":8,"minecraft:jungle_planks":28},"minecraft:mined":{"iceandfire:silver_ore":11,"minecraft:dark_oak_log":3,"minecraft:crafting_table":1,"minecraft:grass":2,"minecraft:oak_log":6,"minecraft:coal_ore":50,"minecraft:vine":3,"minecraft:jungle_log":7,"minecraft:sand":8,"minecraft:bamboo":2,"minecraft:stone":19,"minecraft:oak_leaves":8,"minecraft:wall_torch":1},"minecraft:used":{"minecraft:stone_pickaxe":73,"minecraft:ender_pearl":1,"minecraft:wooden_pickaxe":9,"minecraft:rotten_flesh":4,"minecraft:jungle_boat":3,"minecraft:stone_axe":23,"minecraft:wooden_sword":9,"minecraft:torch":9,"minecraft:sand":8,"minecraft:crafting_table":1,"minecraft:jungle_planks":6,"tombstone:gift":2,"alexsmobs:banana":1,"minecraft:oak_boat":1},"minecraft:killed_by":{"spore:inf_player":2,"minecraft:drowned":1,"spore:brot":1},"minecraft:dropped":{"tombstone:grave_key":1,"tombstone:grave_dust":1},"minecraft:picked_up":{"minecraft:crafting_table":1,"minecraft:jungle_boat":3,"minecraft:jungle_log":7,"minecraft:torch":1,"minecraft:sand":8,"minecraft:oak_log":6,"minecraft:dark_oak_log":5,"minecraft:dirt":17,"minecraft:rotten_flesh":5,"alexsmobs:banana":1,"spore:mutated_fiber":4,"minecraft:poppy":1,"minecraft:bamboo":10,"minecraft:coal":52,"iceandfire:raw_silver":11,"minecraft:cobblestone":18}},"DataVersion":3465}