{"stats":{"minecraft:killed":{"spore:braiomil":1,"minecraft:spider":3,"minecraft:skeleton":1,"minecraft:drowned":2,"spore:spitter":1,"minecraft:pig":1,"spore:inf_player":5,"spore:inf_pillager":5,"minecraft:sheep":6,"spore:inf_villager":2,"minecraft:zombie":13,"spore:inf_human":3,"iceandfire:ghost":6,"spore:knight":1,"minecraft:cow":5},"minecraft:dropped":{"minecraft:iron_sword":1,"minecraft:cooked_beef":5,"minecraft:iron_helmet":2,"spore:tendons":6,"minecraft:golden_apple":2,"tombstone:grave_key":1,"spore:innards":1,"tombstone:grave_dust":1,"minecraft:iron_leggings":2,"spore:claw_fragment":5,"minecraft:stone_axe":1,"minecraft:cooked_chicken":1,"minecraft:iron_boots":2,"spore:cerebrum":1,"minecraft:poppy":1,"minecraft:iron_chestplate":1,"minecraft:arrow":43,"minecraft:bow":1,"spore:armor_fragment":2},"minecraft:custom":{"minecraft:mob_kills":58,"minecraft:inspect_hopper":1,"minecraft:interact_with_crafting_table":18,"minecraft:open_barrel":5,"minecraft:leave_game":8,"minecraft:time_since_death":709,"minecraft:climb_one_cm":5165,"minecraft:sprint_one_cm":380124,"minecraft:walk_one_cm":362878,"minecraft:damage_blocked_by_shield":1380,"minecraft:drop":27,"minecraft:damage_dealt_absorbed":27,"minecraft:play_time":199426,"minecraft:sneak_time":1069,"minecraft:deaths":22,"minecraft:walk_under_water_one_cm":16919,"minecraft:boat_one_cm":290475,"minecraft:interact_with_lectern":1,"minecraft:jump":3355,"minecraft:walk_on_water_one_cm":129379,"minecraft:total_world_time":199426,"minecraft:interact_with_furnace":17,"minecraft:interact_with_loom":1,"minecraft:sleep_in_bed":3,"minecraft:time_since_rest":1,"minecraft:damage_taken":6627,"minecraft:damage_absorbed":40,"minecraft:trigger_trapped_chest":3,"minecraft:damage_dealt":9506,"minecraft:swim_one_cm":163628,"minecraft:fly_one_cm":637482,"minecraft:open_chest":88,"minecraft:crouch_one_cm":3502,"tombstone:undead_killed":22,"minecraft:fall_one_cm":68337},"minecraft:mined":{"spore:fungal_roots":6,"spore:wall_growths_big":26,"spore:wall_growths":22,"iceandfire:silver_ore":11,"minecraft:dark_oak_log":13,"minecraft:grass_block":4,"minecraft:stone_brick_wall":2,"minecraft:jungle_planks":8,"minecraft:jungle_log":7,"spore:fungal_stem":13,"spore:rooted_biomass":1,"minecraft:spruce_leaves":1,"minecraft:hopper":1,"spore:growths_small":5,"spore:mycelium_veins":1,"minecraft:furnace":1,"minecraft:carrots":1,"spore:blomfung":13,"minecraft:iron_ore":1,"spore:growth_mycelium":9,"minecraft:potatoes":1,"minecraft:vine":4,"minecraft:iron_bars":3,"spore:biomass_bulb":1,"minecraft:bamboo":2,"minecraft:stone":21,"minecraft:glass_pane":1,"minecraft:quartz_block":23,"spore:growths_big":10,"minecraft:crafting_table":2,"minecraft:torch":1,"minecraft:tall_grass":4,"minecraft:cobblestone":10,"minecraft:iron_door":3,"minecraft:wall_torch":3,"minecraft:white_terracotta":1,"minecraft:tinted_glass":2,"spore:bloomfung2":68,"minecraft:sweet_berry_bush":13,"spore:fungal_stem_top":2,"minecraft:grass":15,"minecraft:oak_log":7,"minecraft:coal_ore":50,"minecraft:sand":8,"minecraft:dirt":1,"spore:hanging_fungal_stem":13,"minecraft:red_mushroom_block":3,"minecraft:stone_bricks":1,"minecraft:potted_red_tulip":1,"minecraft:oak_leaves":11,"spore:remains":2,"minecraft:fern":1},"minecraft:used":{"minecraft:chest":3,"minecraft:shield":25,"minecraft:white_terracotta":1,"minecraft:iron_sword":256,"minecraft:cooked_chicken":16,"minecraft:rotten_flesh":4,"minecraft:torch":37,"minecraft:dirt":28,"minecraft:jungle_planks":18,"minecraft:carrot":4,"minecraft:milk_bucket":1,"minecraft:quartz_block":11,"minecraft:bamboo":13,"minecraft:bow":25,"minecraft:oak_sapling":1,"minecraft:furnace":1,"tombstone:gift":5,"alexsmobs:banana":1,"minecraft:egg":1,"minecraft:cooked_beef":3,"minecraft:cooked_mutton":3,"minecraft:water_bucket":2,"minecraft:stone_pickaxe":160,"minecraft:ender_pearl":1,"minecraft:wooden_pickaxe":9,"minecraft:jungle_boat":7,"minecraft:golden_apple":1,"minecraft:sand":8,"minecraft:oak_slab":3,"minecraft:crafting_table":2,"tombstone:grave_key":1,"minecraft:iron_door":2,"minecraft:stone_axe":58,"minecraft:wooden_sword":9,"minecraft:cobblestone":6,"minecraft:cooked_porkchop":1,"minecraft:bucket":3,"spore:rooted_biomass":1,"minecraft:oak_boat":1},"minecraft:crafted":{"minecraft:wooden_sword":1,"minecraft:oak_planks":24,"minecraft:furnace":1,"minecraft:cooked_mutton":10,"minecraft:stone_pickaxe":2,"minecraft:chest":3,"minecraft:dark_oak_planks":60,"minecraft:cooked_beef":8,"minecraft:cooked_porkchop":1,"minecraft:crafting_table":2,"minecraft:wooden_pickaxe":2,"minecraft:air":0,"minecraft:jungle_planks":28,"minecraft:shield":1,"minecraft:stick":30,"minecraft:iron_ingot":1,"minecraft:torch":76},"minecraft:picked_up":{"minecraft:crafting_table":2,"spore:mutated_heart":1,"minecraft:string":6,"spore:innards":1,"minecraft:iron_leggings":2,"alexsmobs:banana":1,"minecraft:beef":11,"minecraft:poppy":2,"minecraft:tinted_glass":2,"minecraft:furnace":1,"minecraft:iron_boots":1,"minecraft:egg":1,"minecraft:dark_oak_sapling":1,"minecraft:stick":9,"minecraft:raw_iron":1,"minecraft:torch":4,"minecraft:porkchop":1,"tombstone:grave_dust":1,"minecraft:carrot":3,"minecraft:golden_chestplate":1,"minecraft:quartz_block":21,"minecraft:arrow":1,"minecraft:rotten_flesh":13,"minecraft:red_tulip":1,"minecraft:white_terracotta":1,"spore:tendons":6,"minecraft:mutton":9,"minecraft:iron_bars":1,"minecraft:white_wool":6,"minecraft:cobblestone":31,"minecraft:jungle_boat":6,"minecraft:iron_door":3,"spore:rooted_biomass":1,"minecraft:jungle_log":7,"minecraft:leather":6,"minecraft:potato":5,"minecraft:oak_log":7,"iceandfire:ectoplasm":2,"minecraft:gunpowder":2,"minecraft:dirt":40,"minecraft:wheat_seeds":4,"minecraft:dark_oak_sign":1,"spore:mutated_fiber":48,"minecraft:bamboo":10,"minecraft:oak_slab":3,"spore:cerebrum":3,"minecraft:sweet_berries":32,"spore:armor_fragment":9,"minecraft:dandelion":2,"minecraft:jungle_planks":8,"minecraft:sand":8,"minecraft:spruce_sapling":1,"minecraft:dark_oak_log":15,"spore:claw_fragment":14,"minecraft:iron_helmet":1,"minecraft:golden_apple":1,"spore:spine_fragment":1,"minecraft:oak_sapling":1,"iceandfire:raw_silver":11,"minecraft:coal":100,"minecraft:hopper":1,"minecraft:ender_pearl":1},"minecraft:killed_by":{"spore:busser":1,"minecraft:drowned":1,"iceandfire:dread_ghoul":1,"iceandfire:sea_serpent":1,"spore:inf_pillager":1,"alexsmobs:tiger":1,"spore:inf_player":4,"alexsmobs:grizzly_bear":3,"spore:inf_witch":1,"iceandfire:ghost":2,"spore:brot":1}},"DataVersion":3465}