{"stats":{"minecraft:dropped":{"tombstone:grave_key":1,"tombstone:grave_dust":1},"minecraft:killed":{"minecraft:pig":1,"spore:inf_player":2,"minecraft:zombie":6,"minecraft:drowned":2},"minecraft:mined":{"iceandfire:silver_ore":11,"minecraft:dark_oak_log":13,"minecraft:crafting_table":1,"minecraft:grass_block":1,"minecraft:jungle_planks":5,"minecraft:jungle_log":7,"minecraft:wall_torch":1,"minecraft:grass":2,"minecraft:vine":3,"minecraft:coal_ore":50,"minecraft:oak_log":6,"minecraft:sand":8,"minecraft:bamboo":2,"minecraft:red_mushroom_block":3,"minecraft:stone":19,"minecraft:oak_leaves":8},"minecraft:custom":{"minecraft:interact_with_furnace":1,"minecraft:mob_kills":11,"minecraft:interact_with_crafting_table":9,"minecraft:leave_game":2,"minecraft:time_since_death":1841,"minecraft:climb_one_cm":4137,"minecraft:time_since_rest":1,"minecraft:sprint_one_cm":78369,"minecraft:damage_taken":2175,"minecraft:walk_one_cm":100915,"minecraft:drop":2,"minecraft:damage_dealt":2099,"minecraft:damage_dealt_absorbed":27,"minecraft:swim_one_cm":54949,"minecraft:fly_one_cm":140969,"minecraft:open_chest":5,"minecraft:crouch_one_cm":1916,"minecraft:play_time":81924,"tombstone:undead_killed":8,"minecraft:deaths":10,"minecraft:sneak_time":515,"minecraft:walk_under_water_one_cm":9507,"minecraft:boat_one_cm":150093,"minecraft:jump":1004,"minecraft:walk_on_water_one_cm":20568,"minecraft:total_world_time":81924,"minecraft:fall_one_cm":16281},"minecraft:used":{"minecraft:stone_pickaxe":73,"minecraft:ender_pearl":1,"minecraft:wooden_pickaxe":9,"minecraft:rotten_flesh":4,"minecraft:jungle_boat":4,"minecraft:torch":9,"minecraft:dirt":6,"minecraft:sand":8,"minecraft:crafting_table":1,"minecraft:jungle_planks":6,"minecraft:stone_axe":52,"minecraft:wooden_sword":9,"alexsmobs:banana":1,"tombstone:gift":2,"minecraft:oak_boat":1},"minecraft:crafted":{"minecraft:wooden_sword":1,"minecraft:crafting_table":1,"minecraft:wooden_pickaxe":2,"minecraft:jungle_planks":28,"minecraft:stick":10,"minecraft:stone_pickaxe":1,"minecraft:dark_oak_planks":12,"minecraft:torch":8},"minecraft:picked_up":{"minecraft:crafting_table":1,"minecraft:jungle_boat":4,"minecraft:jungle_log":7,"minecraft:oak_log":6,"minecraft:dirt":18,"alexsmobs:banana":1,"spore:mutated_fiber":4,"minecraft:poppy":1,"minecraft:bamboo":10,"minecraft:dark_oak_sapling":1,"minecraft:stick":1,"minecraft:torch":1,"minecraft:sand":8,"minecraft:porkchop":1,"minecraft:jungle_planks":5,"tombstone:grave_dust":1,"minecraft:dark_oak_log":15,"minecraft:rotten_flesh":5,"minecraft:coal":52,"iceandfire:raw_silver":11,"minecraft:cobblestone":18},"minecraft:killed_by":{"spore:inf_player":2,"minecraft:drowned":1,"iceandfire:dread_ghoul":1,"spore:brot":1}},"DataVersion":3465}