{"stats":{"minecraft:dropped":{"minecraft:golden_apple":2,"tombstone:grave_key":1,"tombstone:grave_dust":1,"minecraft:stone_axe":1,"minecraft:poppy":1},"minecraft:killed":{"spore:braiomil":1,"minecraft:spider":2,"minecraft:skeleton":1,"minecraft:drowned":2,"spore:spitter":1,"minecraft:pig":1,"spore:inf_player":5,"spore:inf_pillager":3,"minecraft:sheep":3,"spore:inf_villager":2,"minecraft:zombie":12,"spore:inf_human":2,"iceandfire:ghost":6,"spore:knight":1,"minecraft:cow":4},"minecraft:custom":{"minecraft:mob_kills":49,"minecraft:inspect_hopper":1,"minecraft:interact_with_crafting_table":17,"minecraft:open_barrel":5,"minecraft:leave_game":5,"minecraft:time_since_death":20915,"minecraft:climb_one_cm":4725,"minecraft:sprint_one_cm":147402,"minecraft:walk_one_cm":270458,"minecraft:damage_blocked_by_shield":335,"minecraft:drop":6,"minecraft:damage_dealt_absorbed":27,"minecraft:play_time":152420,"minecraft:deaths":15,"minecraft:sneak_time":1024,"minecraft:walk_under_water_one_cm":14489,"minecraft:boat_one_cm":230962,"minecraft:interact_with_lectern":1,"minecraft:jump":1787,"minecraft:walk_on_water_one_cm":106860,"minecraft:total_world_time":152420,"minecraft:interact_with_furnace":17,"minecraft:interact_with_loom":1,"minecraft:sleep_in_bed":2,"minecraft:time_since_rest":20510,"minecraft:damage_taken":4604,"minecraft:damage_absorbed":40,"minecraft:trigger_trapped_chest":3,"minecraft:damage_dealt":8109,"minecraft:swim_one_cm":90542,"minecraft:fly_one_cm":275166,"minecraft:open_chest":77,"minecraft:crouch_one_cm":3502,"tombstone:undead_killed":21,"minecraft:fall_one_cm":29813},"minecraft:mined":{"spore:fungal_roots":6,"spore:wall_growths_big":25,"spore:wall_growths":22,"iceandfire:silver_ore":11,"minecraft:dark_oak_log":13,"minecraft:stone_brick_wall":2,"minecraft:grass_block":1,"minecraft:jungle_planks":8,"minecraft:jungle_log":7,"spore:fungal_stem":13,"spore:rooted_biomass":1,"minecraft:hopper":1,"spore:growths_small":4,"spore:mycelium_veins":1,"minecraft:furnace":1,"spore:blomfung":13,"minecraft:iron_ore":1,"spore:growth_mycelium":9,"minecraft:vine":4,"minecraft:iron_bars":3,"minecraft:bamboo":2,"minecraft:stone":21,"minecraft:quartz_block":23,"spore:growths_big":10,"minecraft:crafting_table":2,"minecraft:torch":1,"minecraft:tall_grass":4,"minecraft:cobblestone":10,"minecraft:iron_door":3,"minecraft:wall_torch":3,"minecraft:white_terracotta":1,"minecraft:tinted_glass":2,"spore:bloomfung2":66,"spore:fungal_stem_top":2,"minecraft:grass":10,"minecraft:coal_ore":50,"minecraft:oak_log":6,"minecraft:sand":8,"minecraft:dirt":1,"spore:hanging_fungal_stem":13,"minecraft:red_mushroom_block":3,"minecraft:potted_red_tulip":1,"minecraft:stone_bricks":1,"minecraft:oak_leaves":8,"spore:remains":2},"minecraft:used":{"minecraft:chest":3,"minecraft:shield":12,"minecraft:white_terracotta":1,"minecraft:iron_sword":224,"minecraft:cooked_chicken":10,"minecraft:rotten_flesh":4,"minecraft:torch":37,"minecraft:dirt":25,"minecraft:jungle_planks":18,"minecraft:quartz_block":11,"minecraft:bamboo":13,"minecraft:bow":18,"minecraft:furnace":1,"alexsmobs:banana":1,"tombstone:gift":5,"minecraft:cooked_beef":1,"minecraft:cooked_mutton":3,"minecraft:stone_pickaxe":160,"minecraft:ender_pearl":1,"minecraft:wooden_pickaxe":9,"minecraft:jungle_boat":7,"minecraft:golden_apple":1,"minecraft:sand":8,"minecraft:oak_slab":3,"minecraft:crafting_table":2,"minecraft:iron_door":2,"minecraft:stone_axe":58,"minecraft:wooden_sword":9,"minecraft:cobblestone":6,"minecraft:cooked_porkchop":1,"spore:rooted_biomass":1,"minecraft:oak_boat":1},"minecraft:crafted":{"minecraft:wooden_sword":1,"minecraft:oak_planks":24,"minecraft:furnace":1,"minecraft:cooked_mutton":10,"minecraft:stone_pickaxe":1,"minecraft:chest":3,"minecraft:dark_oak_planks":60,"minecraft:cooked_beef":8,"minecraft:cooked_porkchop":1,"minecraft:crafting_table":2,"minecraft:wooden_pickaxe":2,"minecraft:air":0,"minecraft:jungle_planks":28,"minecraft:shield":1,"minecraft:stick":26,"minecraft:iron_ingot":1,"minecraft:torch":76},"minecraft:picked_up":{"spore:mutated_heart":1,"minecraft:crafting_table":2,"minecraft:string":4,"minecraft:iron_leggings":1,"alexsmobs:banana":1,"minecraft:beef":8,"minecraft:poppy":1,"minecraft:tinted_glass":2,"minecraft:furnace":1,"minecraft:dark_oak_sapling":1,"minecraft:stick":5,"minecraft:raw_iron":1,"minecraft:torch":4,"minecraft:porkchop":1,"tombstone:grave_dust":1,"minecraft:golden_chestplate":1,"minecraft:quartz_block":21,"minecraft:arrow":1,"minecraft:rotten_flesh":11,"minecraft:red_tulip":1,"minecraft:white_terracotta":1,"minecraft:mutton":5,"minecraft:iron_bars":1,"minecraft:white_wool":3,"minecraft:cobblestone":31,"minecraft:jungle_boat":6,"minecraft:iron_door":3,"spore:rooted_biomass":1,"minecraft:jungle_log":7,"minecraft:leather":5,"minecraft:oak_log":6,"iceandfire:ectoplasm":2,"minecraft:gunpowder":2,"minecraft:dirt":37,"minecraft:wheat_seeds":3,"minecraft:dark_oak_sign":1,"spore:mutated_fiber":40,"minecraft:bamboo":10,"minecraft:oak_slab":3,"spore:cerebrum":3,"spore:armor_fragment":7,"minecraft:jungle_planks":8,"minecraft:sand":8,"minecraft:dark_oak_log":15,"spore:claw_fragment":9,"minecraft:golden_apple":1,"minecraft:coal":100,"minecraft:hopper":1,"iceandfire:raw_silver":11},"minecraft:killed_by":{"minecraft:drowned":1,"iceandfire:dread_ghoul":1,"spore:inf_pillager":1,"spore:inf_player":4,"iceandfire:ghost":2,"spore:brot":1}},"DataVersion":3465}