{"stats":{"minecraft:crafted":{"minecraft:oak_planks":104,"minecraft:crafting_table":1,"minecraft:stick":12,"minecraft:wooden_pickaxe":1,"minecraft:stone_pickaxe":1,"minecraft:torch":32,"minecraft:stone_axe":1,"minecraft:jungle_planks":56},"minecraft:picked_up":{"minecraft:crafting_table":1,"minecraft:stick":2,"minecraft:jungle_log":11,"spore:infested_dirt":1,"minecraft:red_mushroom":4,"minecraft:oak_log":26,"tombstone:grave_dust":2,"minecraft:cyan_bed":2,"minecraft:dirt":16,"minecraft:bone":2,"minecraft:wheat_seeds":1,"iceandfire:troll_weapon_axe":1,"iceandfire:troll_leather_forest":4,"minecraft:mutton":1,"minecraft:birch_sapling":3,"minecraft:white_wool":1,"minecraft:cobblestone":58},"minecraft:killed":{"minecraft:sheep":1,"minecraft:skeleton":2,"spore:inf_human":1},"minecraft:dropped":{"tombstone:grave_dust":1},"minecraft:mined":{"minecraft:birch_leaves":3,"minecraft:crafting_table":1,"minecraft:grass_block":2,"minecraft:grass":4,"minecraft:oak_log":27,"minecraft:mycelium":1,"minecraft:vine":1,"minecraft:jungle_log":14,"minecraft:cyan_bed":2,"minecraft:stone":58,"minecraft:oak_leaves":4,"spore:infested_dirt":1},"minecraft:used":{"minecraft:cyan_bed":2,"minecraft:stone_pickaxe":22,"spore:infested_dirt":1,"minecraft:wooden_pickaxe":36,"minecraft:stone_axe":37,"minecraft:torch":2,"minecraft:dirt":12,"minecraft:crafting_table":2,"tombstone:gift":1},"minecraft:killed_by":{"spore:inf_evoker":2,"minecraft:skeleton":3},"minecraft:custom":{"minecraft:time_since_rest":1910,"minecraft:sprint_one_cm":113046,"minecraft:damage_taken":1705,"minecraft:walk_one_cm":63939,"minecraft:mob_kills":4,"minecraft:drop":1,"minecraft:damage_dealt":650,"minecraft:interact_with_crafting_table":6,"minecraft:swim_one_cm":22385,"minecraft:fly_one_cm":126001,"minecraft:open_chest":3,"minecraft:crouch_one_cm":1447,"minecraft:play_time":26542,"tombstone:undead_killed":2,"minecraft:deaths":6,"minecraft:sneak_time":390,"minecraft:walk_under_water_one_cm":1646,"minecraft:jump":777,"minecraft:leave_game":2,"minecraft:time_since_death":4309,"minecraft:walk_on_water_one_cm":10627,"minecraft:climb_one_cm":3323,"minecraft:interact_with_smoker":1,"minecraft:total_world_time":26542,"minecraft:fall_one_cm":14256,"minecraft:horse_one_cm":55}},"DataVersion":3465}