{"stats":{"minecraft:picked_up":{"minecraft:stick":2,"minecraft:crafting_table":1,"spore:infested_dirt":1,"minecraft:oak_log":15,"minecraft:dirt":14,"minecraft:birch_sapling":3,"minecraft:cobblestone":36},"minecraft:killed_by":{"spore:inf_evoker":2},"minecraft:custom":{"minecraft:time_since_rest":4899,"minecraft:sprint_one_cm":38647,"minecraft:damage_taken":1055,"minecraft:walk_one_cm":23103,"minecraft:drop":1,"minecraft:interact_with_crafting_table":4,"minecraft:swim_one_cm":3075,"minecraft:fly_one_cm":26194,"minecraft:open_chest":2,"minecraft:play_time":9537,"minecraft:deaths":3,"minecraft:sneak_time":6,"minecraft:walk_under_water_one_cm":776,"minecraft:jump":215,"minecraft:leave_game":1,"minecraft:walk_on_water_one_cm":2849,"minecraft:time_since_death":6589,"minecraft:total_world_time":9537,"minecraft:climb_one_cm":1639,"minecraft:fall_one_cm":3351},"minecraft:dropped":{"tombstone:grave_dust":1},"minecraft:crafted":{"minecraft:oak_planks":60,"minecraft:crafting_table":1,"minecraft:stick":4,"minecraft:wooden_pickaxe":1,"minecraft:stone_pickaxe":1,"minecraft:stone_axe":1},"minecraft:used":{"spore:infested_dirt":1,"minecraft:wooden_pickaxe":36,"minecraft:stone_axe":1,"minecraft:dirt":11,"minecraft:crafting_table":1,"tombstone:gift":1},"minecraft:mined":{"minecraft:birch_leaves":3,"minecraft:crafting_table":1,"minecraft:grass":3,"minecraft:oak_log":16,"minecraft:mycelium":1,"minecraft:stone":36,"spore:infested_dirt":1,"minecraft:oak_leaves":4}},"DataVersion":3465}