{"stats":{"minecraft:custom":{"minecraft:time_since_rest":1,"minecraft:play_time":9028,"minecraft:sprint_one_cm":22255,"minecraft:deaths":2,"minecraft:damage_taken":45,"minecraft:walk_one_cm":10825,"minecraft:sneak_time":11,"minecraft:walk_under_water_one_cm":299,"minecraft:drop":1,"minecraft:jump":258,"minecraft:time_since_death":1142,"minecraft:walk_on_water_one_cm":2143,"minecraft:total_world_time":9028,"minecraft:climb_one_cm":745,"minecraft:swim_one_cm":11706,"minecraft:interact_with_crafting_table":1,"minecraft:fall_one_cm":5403,"minecraft:fly_one_cm":65580},"minecraft:crafted":{"minecraft:dark_oak_planks":12,"minecraft:crafting_table":1,"minecraft:stick":4,"minecraft:wooden_pickaxe":1},"minecraft:mined":{"minecraft:grass":1,"minecraft:sand":8,"minecraft:dark_oak_log":3,"minecraft:crafting_table":1},"minecraft:used":{"minecraft:sand":8,"minecraft:crafting_table":1,"tombstone:gift":2,"minecraft:wooden_pickaxe":1},"minecraft:picked_up":{"minecraft:crafting_table":1,"minecraft:sand":8,"minecraft:dark_oak_log":3},"minecraft:dropped":{"tombstone:grave_dust":1}},"DataVersion":3465}