{"stats":{"minecraft:crafted":{"minecraft:oak_planks":104,"minecraft:crafting_table":1,"minecraft:wooden_pickaxe":1,"minecraft:furnace":1,"minecraft:stone_axe":1,"minecraft:cooked_mutton":1,"minecraft:air":0,"minecraft:jungle_planks":56,"minecraft:shield":1,"minecraft:stick":12,"minecraft:stone_pickaxe":1,"minecraft:torch":32},"minecraft:picked_up":{"minecraft:crafting_table":2,"minecraft:jungle_log":11,"spore:infested_dirt":1,"minecraft:red_mushroom":4,"minecraft:oak_log":26,"minecraft:dirt":17,"minecraft:bone":2,"minecraft:stone_bricks":26,"minecraft:cracked_stone_bricks":1,"minecraft:wheat_seeds":1,"spore:mutated_fiber":4,"minecraft:mossy_stone_bricks":1,"minecraft:birch_sapling":3,"minecraft:stick":2,"minecraft:stone_brick_slab":2,"tombstone:grave_dust":2,"minecraft:diorite":11,"minecraft:cyan_bed":4,"iceandfire:troll_weapon_axe":1,"iceandfire:troll_leather_forest":4,"minecraft:mutton":1,"minecraft:white_wool":1,"minecraft:cobblestone":72},"minecraft:killed":{"minecraft:sheep":1,"minecraft:skeleton":2,"spore:inf_human":1},"minecraft:dropped":{"tombstone:grave_dust":1},"minecraft:mined":{"minecraft:stone_brick_slab":2,"minecraft:crafting_table":2,"minecraft:grass_block":3,"minecraft:jungle_log":14,"minecraft:cyan_bed":4,"minecraft:diorite":11,"spore:infested_dirt":1,"minecraft:birch_leaves":3,"minecraft:grass":4,"minecraft:mycelium":1,"minecraft:oak_log":27,"minecraft:vine":1,"minecraft:cracked_stone_bricks":1,"minecraft:stone":72,"minecraft:stone_bricks":26,"minecraft:mossy_stone_bricks":1,"minecraft:oak_leaves":4},"minecraft:used":{"minecraft:water_bucket":1,"minecraft:stone_pickaxe":77,"minecraft:wooden_pickaxe":36,"minecraft:torch":10,"minecraft:dirt":14,"minecraft:crafting_table":3,"minecraft:cyan_bed":4,"spore:infested_dirt":1,"minecraft:stone_bricks":10,"minecraft:stone_axe":38,"minecraft:cobblestone":2,"minecraft:furnace":1,"minecraft:bucket":3,"tombstone:gift":1},"minecraft:killed_by":{"minecraft:skeleton":3,"spore:inf_evoker":2},"minecraft:custom":{"minecraft:interact_with_furnace":3,"minecraft:mob_kills":4,"minecraft:interact_with_crafting_table":8,"minecraft:leave_game":2,"minecraft:time_since_death":1381,"minecraft:sleep_in_bed":1,"minecraft:climb_one_cm":3323,"minecraft:time_since_rest":1239,"minecraft:sprint_one_cm":118586,"minecraft:damage_taken":1885,"minecraft:walk_one_cm":98261,"minecraft:drop":1,"minecraft:damage_dealt":650,"minecraft:swim_one_cm":22385,"minecraft:fly_one_cm":128861,"minecraft:open_chest":3,"minecraft:crouch_one_cm":2914,"minecraft:play_time":38542,"tombstone:undead_killed":2,"minecraft:deaths":7,"minecraft:sneak_time":819,"minecraft:walk_under_water_one_cm":2379,"minecraft:jump":917,"minecraft:walk_on_water_one_cm":14908,"minecraft:total_world_time":38542,"minecraft:interact_with_smoker":1,"minecraft:fall_one_cm":19778,"minecraft:horse_one_cm":55}},"DataVersion":3465}