{"stats":{"minecraft:killed":{"mca:female_zombie_villager":1,"spore:inf_hazmat":1,"mca:male_zombie_villager":2,"spore:braiomil":1,"minecraft:spider":7,"minecraft:skeleton":8,"minecraft:chicken":3,"minecraft:drowned":7,"minecraft:pig":8,"spore:inf_player":10,"spore:inf_wanderer":1,"spore:brute":2,"spore:inf_drowned":1,"minecraft:creeper":1,"spore:inf_pillager":1,"minecraft:sheep":4,"spore:inf_human":10,"minecraft:zombie":29,"spore:busser":1,"minecraft:enderman":3,"minecraft:cow":3},"minecraft:dropped":{"minecraft:iron_ingot":1,"iceandfire:raw_silver":1,"minecraft:brown_mushroom":9,"minecraft:cooked_porkchop":3,"minecraft:cobblestone":12,"minecraft:granite":84,"minecraft:dirt":21,"minecraft:stone_button":2,"tombstone:grave_key":1,"minecraft:melon_slice":21,"minecraft:jungle_door":2,"minecraft:stone_axe":1,"minecraft:gravel":14,"minecraft:stone_sword":1,"minecraft:cobbled_deepslate":5,"minecraft:tinted_glass":1,"minecraft:tuff":18,"minecraft:andesite":9,"minecraft:wooden_shovel":1,"minecraft:wooden_pickaxe":2},"minecraft:custom":{"minecraft:mob_kills":108,"minecraft:animals_bred":3,"minecraft:interact_with_crafting_table":51,"minecraft:open_barrel":5,"minecraft:leave_game":6,"minecraft:time_since_death":3578,"minecraft:climb_one_cm":10606,"minecraft:sprint_one_cm":507534,"minecraft:walk_one_cm":715944,"minecraft:damage_blocked_by_shield":2055,"minecraft:drop":34,"minecraft:damage_dealt_absorbed":80,"minecraft:play_time":237071,"minecraft:sneak_time":3947,"minecraft:deaths":23,"minecraft:walk_under_water_one_cm":56542,"minecraft:boat_one_cm":463776,"minecraft:jump":3692,"minecraft:walk_on_water_one_cm":90370,"minecraft:total_world_time":237071,"minecraft:interact_with_furnace":27,"minecraft:sleep_in_bed":6,"minecraft:time_since_rest":3301,"minecraft:damage_taken":7946,"minecraft:damage_dealt":21668,"minecraft:player_kills":1,"minecraft:swim_one_cm":178259,"minecraft:fly_one_cm":612091,"minecraft:open_chest":68,"minecraft:crouch_one_cm":5321,"tombstone:undead_killed":47,"minecraft:interact_with_smoker":10,"minecraft:fall_one_cm":80125},"minecraft:mined":{"spore:fungal_roots":10,"alexscaves:spelunkery_table":1,"minecraft:tuff":20,"minecraft:spruce_planks":2,"spore:wall_growths_big":28,"minecraft:white_bed":2,"spore:wall_growths":16,"minecraft:oak_door":1,"minecraft:dark_oak_leaves":10,"minecraft:deepslate_diamond_ore":5,"minecraft:jungle_slab":5,"minecraft:cobblestone_stairs":11,"minecraft:jungle_leaves":1,"minecraft:granite":110,"minecraft:chiseled_bookshelf":1,"minecraft:stone_button":1,"minecraft:grass_block":26,"minecraft:jungle_planks":8,"minecraft:jungle_log":23,"spore:fungal_stem":13,"minecraft:light_gray_bed":2,"iceandfire:deepslate_silver_ore":1,"minecraft:brown_mushroom_block":90,"minecraft:birch_slab":1,"minecraft:hopper":1,"spore:growths_small":15,"spore:rotten_planks":1,"minecraft:magma_block":3,"minecraft:furnace":3,"minecraft:iron_ore":15,"spore:blomfung":6,"minecraft:barrel":3,"minecraft:cobbled_deepslate":1,"minecraft:andesite":23,"minecraft:orange_stained_glass_pane":2,"minecraft:deepslate_lapis_ore":3,"spore:growth_mycelium":10,"minecraft:brown_bed":1,"spore:rotten_stair":9,"minecraft:vine":3,"minecraft:pointed_dripstone":3,"minecraft:cobblestone_slab":4,"minecraft:deepslate_iron_ore":39,"minecraft:iron_bars":2,"minecraft:oak_stairs":8,"spore:hive_spawn":1,"spore:biomass_bulb":2,"minecraft:bamboo":3,"minecraft:stone":687,"minecraft:spruce_slab":4,"minecraft:deepslate_redstone_ore":17,"minecraft:oak_slab":15,"minecraft:brown_mushroom":2,"minecraft:gray_concrete":9,"minecraft:jungle_door":5,"minecraft:quartz_block":16,"minecraft:kelp_plant":1,"minecraft:smoker":4,"spore:growths_big":19,"minecraft:oak_fence":1,"minecraft:crafting_table":7,"minecraft:torch":3,"minecraft:melon":10,"minecraft:mushroom_stem":19,"minecraft:copper_ore":7,"minecraft:tall_grass":20,"minecraft:cobblestone":49,"minecraft:deepslate_gold_ore":39,"minecraft:lapis_ore":2,"minecraft:oak_planks":14,"minecraft:iron_door":1,"minecraft:wall_torch":3,"minecraft:spruce_stairs":2,"minecraft:birch_planks":1,"minecraft:tinted_glass":3,"spore:bloomfung2":30,"minecraft:birch_log":1,"spore:fungal_stem_top":5,"minecraft:grass":68,"minecraft:oak_log":38,"minecraft:coal_ore":106,"minecraft:gravel":5,"minecraft:dirt":87,"minecraft:dripstone_block":7,"spore:hanging_fungal_stem":9,"minecraft:cobweb":4,"minecraft:red_mushroom_block":89,"spore:remains":2,"minecraft:deepslate":90,"minecraft:oak_leaves":18,"minecraft:birch_fence":1},"minecraft:broken":{"minecraft:leather_helmet":1,"minecraft:stone_pickaxe":7,"minecraft:stone_axe":3},"minecraft:crafted":{"minecraft:oak_door":3,"minecraft:oak_planks":152,"minecraft:stone_shovel":1,"minecraft:furnace":2,"minecraft:jungle_trapdoor":2,"minecraft:cobblestone_stairs":40,"minecraft:mushroom_stew":9,"minecraft:cooked_mutton":7,"tombstone:grave_key":1,"minecraft:ladder":3,"minecraft:stone_pickaxe":9,"minecraft:chest":3,"minecraft:oak_fence":6,"minecraft:wooden_shovel":1,"minecraft:cooked_porkchop":8,"minecraft:crafting_table":7,"minecraft:jungle_boat":1,"minecraft:wooden_pickaxe":2,"minecraft:bowl":4,"minecraft:bucket":1,"minecraft:birch_planks":4,"minecraft:stone_axe":7,"minecraft:jungle_slab":6,"minecraft:air":0,"minecraft:jungle_planks":84,"minecraft:oak_boat":1,"minecraft:jungle_door":6,"minecraft:shield":1,"minecraft:stick":96,"minecraft:iron_pickaxe":1,"minecraft:iron_ingot":7,"minecraft:oak_stairs":28,"minecraft:stone_sword":2,"minecraft:white_bed":2,"minecraft:torch":176},"minecraft:used":{"minecraft:oak_fence":5,"minecraft:stone_sword":92,"minecraft:spruce_slab":3,"minecraft:stone_shovel":24,"minecraft:ladder":3,"minecraft:chest":3,"minecraft:shield":31,"minecraft:iron_sword":304,"minecraft:wooden_shovel":5,"minecraft:rotten_flesh":36,"minecraft:oak_door":3,"minecraft:torch":162,"minecraft:dirt":48,"minecraft:hopper":4,"minecraft:jungle_planks":2,"minecraft:spruce_stairs":1,"minecraft:jungle_slab":5,"minecraft:jungle_trapdoor":2,"minecraft:jungle_sapling":2,"minecraft:oak_stairs":35,"minecraft:magma_block":2,"alexscaves:spelunkery_table":1,"minecraft:bow":1,"minecraft:jungle_button":12,"minecraft:oak_sapling":9,"minecraft:furnace":4,"tombstone:gift":6,"minecraft:egg":13,"minecraft:light_gray_bed":2,"minecraft:brown_bed":1,"minecraft:cooked_mutton":7,"minecraft:water_bucket":10,"minecraft:cobblestone_stairs":37,"minecraft:birch_planks":4,"minecraft:oak_planks":18,"minecraft:stone_pickaxe":1047,"minecraft:wooden_pickaxe":51,"minecraft:jungle_boat":5,"minecraft:oak_slab":7,"minecraft:crafting_table":13,"minecraft:mushroom_stew":8,"minecraft:white_bed":3,"minecraft:smoker":4,"minecraft:apple":2,"minecraft:melon_slice":25,"minecraft:iron_pickaxe":210,"tombstone:grave_key":1,"minecraft:iron_door":1,"minecraft:stone_axe":568,"minecraft:cobblestone":140,"minecraft:porkchop":4,"minecraft:jungle_door":9,"minecraft:cooked_porkchop":4,"minecraft:bucket":11,"minecraft:oak_boat":3},"minecraft:picked_up":{"spore:mutated_heart":2,"minecraft:cocoa_beans":7,"minecraft:crafting_table":7,"minecraft:chicken":3,"minecraft:brown_mushroom":27,"minecraft:oak_stairs":8,"minecraft:brown_bed":1,"minecraft:string":15,"minecraft:raw_copper":29,"minecraft:birch_fence":1,"minecraft:cobbled_deepslate":87,"minecraft:spruce_planks":2,"minecraft:beef":6,"minecraft:oak_boat":3,"minecraft:cobblestone_slab":4,"minecraft:jungle_sapling":2,"minecraft:poppy":1,"minecraft:spruce_slab":3,"minecraft:tinted_glass":3,"minecraft:melon_slice":46,"minecraft:furnace":4,"minecraft:egg":10,"minecraft:dark_oak_sapling":1,"minecraft:stick":23,"minecraft:raw_iron":58,"minecraft:jungle_door":5,"minecraft:oak_door":1,"minecraft:copper_ingot":2,"minecraft:oak_fence":1,"minecraft:torch":7,"minecraft:spruce_stairs":2,"sophisticatedbackpacks:backpack":1,"minecraft:porkchop":17,"minecraft:stone_button":3,"minecraft:pointed_dripstone":9,"tombstone:grave_dust":5,"spore:biomass":5,"minecraft:redstone":99,"minecraft:quartz_block":16,"minecraft:stone_sword":1,"minecraft:arrow":10,"minecraft:light_gray_bed":2,"minecraft:rotten_flesh":33,"alexscaves:spelunkery_table":1,"spore:tendons":5,"minecraft:mutton":7,"minecraft:iron_bars":2,"minecraft:white_wool":4,"minecraft:cobblestone":753,"minecraft:nautilus_shell":1,"minecraft:birch_log":1,"minecraft:magma_block":3,"minecraft:jungle_boat":4,"minecraft:feather":2,"minecraft:iron_door":1,"minecraft:andesite":23,"minecraft:birch_slab":1,"minecraft:jungle_log":21,"minecraft:leather":5,"minecraft:smoker":4,"minecraft:red_mushroom":37,"minecraft:birch_planks":1,"minecraft:flint":2,"minecraft:tuff":18,"minecraft:oak_log":38,"minecraft:jungle_button":12,"minecraft:gunpowder":1,"minecraft:cobblestone_stairs":10,"minecraft:lapis_lazuli":40,"minecraft:gray_concrete":5,"minecraft:paper":24,"minecraft:dirt":132,"minecraft:bone":7,"minecraft:apple":1,"minecraft:stone_pickaxe":1,"minecraft:wheat_seeds":11,"minecraft:raw_gold":39,"minecraft:iron_ingot":7,"spore:mutated_fiber":36,"minecraft:bamboo":34,"minecraft:oak_planks":14,"minecraft:oak_slab":13,"minecraft:cooked_porkchop":1,"spore:armor_fragment":6,"minecraft:dripstone_block":7,"minecraft:gravel":16,"minecraft:jungle_planks":3,"minecraft:white_bed":2,"minecraft:grass_block":1,"minecraft:jungle_slab":5,"minecraft:spider_eye":4,"minecraft:barrel":3,"minecraft:leather_helmet":1,"spore:claw_fragment":2,"minecraft:diamond":10,"minecraft:stone_axe":2,"minecraft:granite":109,"tombstone:magic_scroll":1,"minecraft:oak_sapling":6,"minecraft:coal":100,"minecraft:hopper":3,"iceandfire:raw_silver":1,"minecraft:ender_pearl":2},"minecraft:killed_by":{"spore:busser":5,"minecraft:creeper":1,"minecraft:drowned":4,"spore:griefer":1,"spore:inf_player":4,"spore:inf_husk":1,"minecraft:skeleton":3,"spore:brot":1}},"DataVersion":3465}