{"stats":{"minecraft:dropped":{"minecraft:daylight_detector":1,"minecraft:iron_sword":1,"minecraft:wheat_seeds":1,"spore:biomass_block":2,"minecraft:oak_log":64,"minecraft:cobblestone":39,"minecraft:golden_apple":8,"minecraft:polished_andesite":1,"minecraft:stick":1,"minecraft:gray_concrete":3,"minecraft:iron_trapdoor":1,"tombstone:grave_key":1,"minecraft:dark_oak_trapdoor":1,"minecraft:iron_leggings":2,"minecraft:iron_axe":1,"minecraft:iron_pickaxe":3,"minecraft:smooth_stone":2,"minecraft:stone_axe":1,"minecraft:birch_sapling":1,"minecraft:black_terracotta":1,"minecraft:flower_pot":1,"minecraft:wooden_shovel":1,"minecraft:oak_sapling":1,"minecraft:wooden_pickaxe":1},"minecraft:custom":{"minecraft:mob_kills":64,"minecraft:interact_with_crafting_table":10,"minecraft:open_barrel":35,"minecraft:time_since_death":1394,"minecraft:climb_one_cm":8009,"minecraft:sprint_one_cm":380544,"minecraft:walk_one_cm":373833,"minecraft:damage_blocked_by_shield":1245,"minecraft:drop":31,"minecraft:damage_dealt_absorbed":42,"minecraft:play_time":113186,"minecraft:deaths":26,"minecraft:sneak_time":9500,"minecraft:walk_under_water_one_cm":4076,"minecraft:jump":1949,"minecraft:walk_on_water_one_cm":4694,"minecraft:total_world_time":113186,"minecraft:interact_with_cartography_table":1,"minecraft:sleep_in_bed":11,"minecraft:time_since_rest":1128,"minecraft:open_enderchest":2,"minecraft:damage_taken":8966,"minecraft:damage_absorbed":80,"minecraft:damage_dealt":12992,"minecraft:swim_one_cm":8276,"minecraft:player_kills":1,"minecraft:fly_one_cm":336941,"minecraft:open_chest":44,"minecraft:crouch_one_cm":21063,"tombstone:undead_killed":41,"minecraft:interact_with_smoker":5,"minecraft:fall_one_cm":34428,"minecraft:inspect_dispenser":1},"minecraft:killed_by":{"spore:busser":3,"minecraft:creeper":1,"spore:inquisitor":1,"spore:inf_player":1,"minecraft:skeleton":14,"minecraft:zombie":5,"spore:leaper":1},"minecraft:picked_up":{"spore:mutated_heart":1,"spore:incubator":3,"minecraft:waxed_oxidized_cut_copper":2,"minecraft:flower_pot":1,"minecraft:iron_trapdoor":1,"minecraft:diamond_sword":1,"minecraft:enchanted_book":1,"minecraft:crimson_trapdoor":1,"minecraft:string":2,"minecraft:red_bed":8,"minecraft:dark_oak_trapdoor":3,"minecraft:waxed_cut_copper_slab":6,"minecraft:iron_leggings":2,"minecraft:smooth_stone":2,"minecraft:cobbled_deepslate":5,"minecraft:spruce_planks":7,"minecraft:waxed_exposed_cut_copper":3,"minecraft:cyan_wool":5,"minecraft:player_head":4,"minecraft:iron_pickaxe":2,"minecraft:tinted_glass":2,"minecraft:dark_oak_door":1,"minecraft:stick":1,"sophisticatedbackpacks:backpack":1,"tombstone:grave_dust":7,"minecraft:cauldron":2,"minecraft:dark_oak_planks":7,"minecraft:quartz_block":29,"minecraft:stone_sword":1,"minecraft:arrow":27,"minecraft:rotten_flesh":7,"minecraft:black_banner":1,"spore:zoaholic":2,"minecraft:waxed_cut_copper":1,"minecraft:iron_bars":2,"minecraft:cobblestone":65,"minecraft:birch_log":27,"minecraft:mud_bricks":21,"minecraft:cooked_beef":1,"minecraft:packed_mud":8,"minecraft:oak_log":46,"iceandfire:ectoplasm":2,"minecraft:gunpowder":3,"minecraft:gray_concrete":11,"minecraft:dirt":33,"minecraft:bone":28,"minecraft:bow":1,"minecraft:iron_ingot":2,"minecraft:dark_oak_sign":1,"spore:mutated_fiber":1,"minecraft:mangrove_planks":1,"minecraft:moss_block":3,"spore:biomass_block":9,"minecraft:oak_planks":2,"minecraft:iron_sword":1,"minecraft:dark_oak_stairs":3,"minecraft:milk_bucket":1,"minecraft:black_terracotta":6,"spore:cerebrum":2,"minecraft:daylight_detector":3,"spore:armor_fragment":1,"minecraft:mud_brick_wall":3,"minecraft:spider_eye":1,"minecraft:dark_prismarine":7,"minecraft:bundle":1,"spore:claw_fragment":2,"minecraft:dark_prismarine_slab":1,"minecraft:polished_andesite":1,"minecraft:lever":1,"minecraft:diamond_axe":2,"minecraft:oak_sapling":1},"minecraft:killed":{"spore:inf_hazmat":5,"minecraft:spider":2,"minecraft:skeleton":26,"spore:inf_player":4,"spore:inf_pillager":1,"spore:inf_human":5,"minecraft:zombie":12,"iceandfire:ghost":3,"spore:lacerator":1,"spore:busser":1,"spore:inf_husk":1},"minecraft:used":{"minecraft:waxed_exposed_cut_copper":1,"minecraft:stone_sword":50,"minecraft:iron_bars":2,"spore:biomass_block":5,"spore:zoaholic":1,"minecraft:chest":2,"minecraft:shield":6,"minecraft:tinted_glass":2,"minecraft:iron_sword":250,"minecraft:wooden_shovel":24,"spore:incubator":2,"minecraft:dirt":58,"minecraft:milk_bucket":1,"minecraft:dark_oak_planks":4,"minecraft:iron_axe":10,"minecraft:packed_mud":6,"minecraft:quartz_block":29,"minecraft:mud_bricks":21,"minecraft:waxed_cut_copper_slab":1,"minecraft:golden_carrot":9,"minecraft:bow":33,"tombstone:gift":4,"minecraft:iron_leggings":1,"minecraft:dark_oak_stairs":1,"minecraft:water_bucket":8,"minecraft:birch_planks":87,"minecraft:stone_pickaxe":176,"minecraft:oak_planks":66,"minecraft:waxed_oxidized_cut_copper":1,"minecraft:wooden_pickaxe":18,"minecraft:diamond_axe":66,"minecraft:golden_apple":3,"minecraft:dark_prismarine_slab":1,"minecraft:crafting_table":2,"minecraft:red_bed":8,"minecraft:black_banner":1,"minecraft:gray_concrete":8,"minecraft:dark_oak_door":1,"minecraft:oak_log":5,"minecraft:lever":1,"minecraft:bread":12,"minecraft:iron_pickaxe":69,"tombstone:grave_key":1,"minecraft:stone_axe":475,"minecraft:cobblestone":20,"minecraft:mud_brick_wall":3,"minecraft:bucket":8,"minecraft:moss_block":3},"minecraft:broken":{"minecraft:iron_helmet":1},"minecraft:mined":{"minecraft:waxed_cut_copper_slab":5,"minecraft:dark_oak_planks":8,"minecraft:dark_prismarine":6,"spore:fungal_roots":19,"minecraft:spruce_planks":1,"spore:wall_growths_big":67,"spore:wall_growths":58,"minecraft:black_terracotta":4,"minecraft:grass_block":6,"spore:fungal_stem":75,"spore:infested_laboratory_block2":1,"minecraft:mud_bricks":22,"minecraft:mud_brick_wall":3,"minecraft:moss_block":2,"spore:growths_small":75,"minecraft:spawner":7,"spore:mycelium_veins":3,"minecraft:smooth_stone":1,"minecraft:waxed_oxidized_cut_copper":1,"minecraft:packed_mud":8,"minecraft:dark_oak_trapdoor":3,"spore:blomfung":4,"spore:growth_mycelium":129,"minecraft:green_stained_glass":1,"minecraft:dark_oak_stairs":3,"spore:rotten_stair":1,"minecraft:iron_bars":2,"spore:zoaholic":2,"minecraft:stone":66,"minecraft:spruce_slab":1,"minecraft:waxed_cut_copper":1,"minecraft:gray_concrete":12,"minecraft:quartz_block":36,"minecraft:red_bed":7,"spore:growths_big":98,"spore:biomass_block":7,"minecraft:cobblestone":5,"minecraft:oak_planks":16,"minecraft:iron_door":1,"minecraft:cauldron":2,"minecraft:cyan_wool":6,"minecraft:birch_planks":1,"minecraft:tinted_glass":2,"spore:bloomfung2":229,"minecraft:birch_log":6,"spore:incubator":3,"minecraft:mangrove_planks":1,"spore:fungal_stem_top":11,"minecraft:grass":3,"minecraft:oak_log":1,"minecraft:dirt":27,"spore:hanging_fungal_stem":11,"minecraft:polished_andesite":1,"minecraft:small_dripleaf":1,"spore:rooted_mycelium":1,"minecraft:waxed_exposed_cut_copper":3,"minecraft:oak_leaves":2,"minecraft:iron_trapdoor":1,"minecraft:daylight_detector":2,"minecraft:deepslate":7},"minecraft:crafted":{"minecraft:oak_planks":76,"minecraft:diamond_helmet":1,"minecraft:diamond_leggings":1,"minecraft:iron_axe":2,"minecraft:stone_pickaxe":1,"minecraft:diamond_boots":1,"minecraft:wooden_shovel":1,"minecraft:diamond_axe":1,"minecraft:crafting_table":2,"minecraft:wooden_pickaxe":1,"minecraft:birch_planks":108,"minecraft:stone_axe":1,"minecraft:shield":1,"minecraft:stick":16,"minecraft:iron_pickaxe":2,"minecraft:diamond_chestplate":1}},"DataVersion":3465}