{"stats":{"minecraft:custom":{"minecraft:mob_kills":8,"minecraft:interact_with_crafting_table":21,"minecraft:leave_game":3,"minecraft:time_since_death":5998,"minecraft:climb_one_cm":5584,"minecraft:time_since_rest":5541,"minecraft:sprint_one_cm":147544,"minecraft:damage_taken":1685,"minecraft:walk_one_cm":192707,"minecraft:drop":9,"minecraft:damage_dealt":1623,"minecraft:damage_dealt_absorbed":80,"minecraft:swim_one_cm":45423,"minecraft:fly_one_cm":127795,"minecraft:open_chest":11,"minecraft:crouch_one_cm":1517,"minecraft:play_time":64341,"tombstone:undead_killed":3,"minecraft:deaths":5,"minecraft:sneak_time":689,"minecraft:walk_under_water_one_cm":15102,"minecraft:boat_one_cm":24885,"minecraft:jump":946,"minecraft:walk_on_water_one_cm":20262,"minecraft:total_world_time":64341,"minecraft:fall_one_cm":18950},"minecraft:killed":{"spore:inf_player":1,"minecraft:zombie":3,"spore:busser":1,"minecraft:cow":3},"minecraft:crafted":{"minecraft:oak_door":3,"minecraft:oak_planks":28,"minecraft:wooden_shovel":1,"minecraft:stone_shovel":1,"minecraft:crafting_table":3,"minecraft:jungle_boat":1,"minecraft:wooden_pickaxe":2,"minecraft:bowl":4,"minecraft:jungle_trapdoor":2,"minecraft:cobblestone_stairs":40,"minecraft:mushroom_stew":9,"minecraft:birch_planks":4,"minecraft:stone_axe":3,"minecraft:jungle_slab":6,"minecraft:jungle_planks":60,"minecraft:jungle_door":3,"minecraft:stick":28,"minecraft:stone_pickaxe":5,"minecraft:stone_sword":1,"minecraft:chest":1,"minecraft:torch":4},"minecraft:mined":{"spore:fungal_roots":1,"spore:wall_growths":5,"spore:wall_growths_big":18,"minecraft:jungle_door":4,"minecraft:dark_oak_leaves":10,"minecraft:oak_door":1,"minecraft:kelp_plant":1,"minecraft:jungle_slab":5,"minecraft:cobblestone_stairs":4,"minecraft:jungle_leaves":1,"spore:growths_big":2,"minecraft:crafting_table":4,"minecraft:torch":1,"minecraft:granite":71,"minecraft:grass_block":12,"minecraft:jungle_planks":8,"minecraft:melon":10,"minecraft:jungle_log":23,"spore:fungal_stem":2,"minecraft:mushroom_stem":19,"minecraft:brown_mushroom_block":90,"minecraft:copper_ore":7,"minecraft:cobblestone":2,"minecraft:birch_slab":1,"spore:growths_small":3,"minecraft:wall_torch":1,"spore:rotten_planks":1,"minecraft:birch_planks":1,"spore:bloomfung2":3,"minecraft:birch_log":1,"minecraft:iron_ore":1,"minecraft:orange_stained_glass_pane":2,"minecraft:andesite":7,"spore:growth_mycelium":1,"spore:rotten_stair":6,"minecraft:grass":2,"minecraft:oak_log":7,"minecraft:coal_ore":27,"minecraft:vine":3,"spore:hive_spawn":1,"minecraft:dirt":10,"spore:hanging_fungal_stem":6,"minecraft:bamboo":2,"minecraft:red_mushroom_block":89,"minecraft:stone":410,"minecraft:oak_leaves":11,"spore:remains":2,"minecraft:birch_fence":1},"minecraft:broken":{"minecraft:stone_pickaxe":3,"minecraft:stone_axe":1},"minecraft:used":{"minecraft:cobblestone_stairs":37,"minecraft:stone_sword":15,"minecraft:birch_planks":4,"minecraft:stone_shovel":24,"minecraft:stone_pickaxe":480,"minecraft:chest":1,"minecraft:wooden_pickaxe":51,"minecraft:wooden_shovel":5,"minecraft:jungle_boat":1,"minecraft:oak_door":3,"minecraft:torch":6,"minecraft:dirt":8,"minecraft:crafting_table":7,"minecraft:mushroom_stew":8,"minecraft:jungle_planks":2,"minecraft:jungle_slab":5,"minecraft:jungle_trapdoor":2,"minecraft:stone_axe":315,"minecraft:cobblestone":21,"minecraft:jungle_door":6,"tombstone:gift":2},"minecraft:killed_by":{"spore:busser":3,"minecraft:skeleton":1},"minecraft:dropped":{"minecraft:brown_mushroom":9,"minecraft:cobblestone":3,"tombstone:grave_key":1,"minecraft:jungle_door":1,"minecraft:wooden_shovel":1,"minecraft:wooden_pickaxe":2},"minecraft:picked_up":{"minecraft:birch_log":1,"minecraft:cocoa_beans":7,"minecraft:crafting_table":4,"minecraft:birch_slab":1,"minecraft:andesite":7,"minecraft:jungle_log":21,"minecraft:leather":5,"minecraft:brown_mushroom":25,"minecraft:red_mushroom":37,"minecraft:birch_planks":1,"minecraft:oak_log":7,"minecraft:gunpowder":1,"minecraft:cobblestone_stairs":3,"minecraft:dirt":21,"minecraft:raw_copper":29,"minecraft:birch_fence":1,"minecraft:beef":6,"spore:mutated_fiber":6,"minecraft:jungle_sapling":1,"minecraft:bamboo":21,"minecraft:melon_slice":46,"minecraft:egg":1,"minecraft:dark_oak_sapling":1,"minecraft:stick":17,"minecraft:raw_iron":1,"minecraft:jungle_door":4,"minecraft:oak_door":1,"minecraft:torch":2,"sophisticatedbackpacks:backpack":1,"minecraft:jungle_planks":3,"minecraft:jungle_slab":5,"minecraft:leather_helmet":1,"spore:claw_fragment":1,"minecraft:rotten_flesh":1,"minecraft:granite":70,"minecraft:oak_sapling":3,"minecraft:coal":25,"minecraft:cobblestone":413}},"DataVersion":3465}