{"stats":{"minecraft:dropped":{"minecraft:wooden_shovel":1,"minecraft:cobblestone":39,"minecraft:wooden_pickaxe":1},"minecraft:custom":{"minecraft:time_since_rest":944,"minecraft:sprint_one_cm":60468,"minecraft:damage_taken":640,"minecraft:walk_one_cm":44792,"minecraft:mob_kills":6,"minecraft:drop":3,"minecraft:damage_dealt":1731,"minecraft:player_kills":1,"minecraft:swim_one_cm":6226,"minecraft:interact_with_crafting_table":3,"minecraft:fly_one_cm":109750,"minecraft:open_barrel":1,"minecraft:open_chest":12,"minecraft:crouch_one_cm":1860,"minecraft:play_time":17186,"tombstone:undead_killed":5,"minecraft:deaths":2,"minecraft:sneak_time":612,"minecraft:walk_under_water_one_cm":247,"minecraft:jump":422,"minecraft:walk_on_water_one_cm":3285,"minecraft:time_since_death":7167,"minecraft:sleep_in_bed":2,"minecraft:total_world_time":17186,"minecraft:fall_one_cm":6926},"minecraft:killed_by":{"minecraft:skeleton":2},"minecraft:picked_up":{"minecraft:birch_log":6,"spore:mutated_heart":1,"spore:cerebrum":1,"iceandfire:ectoplasm":1,"minecraft:red_bed":3,"minecraft:dirt":32,"minecraft:quartz_block":10,"minecraft:stone_sword":1,"minecraft:rotten_flesh":4,"minecraft:iron_ingot":2,"minecraft:tinted_glass":2,"minecraft:iron_bars":2,"minecraft:cobblestone":65},"minecraft:killed":{"minecraft:zombie":4,"iceandfire:ghost":1,"spore:lacerator":1},"minecraft:used":{"minecraft:stone_sword":27,"minecraft:stone_pickaxe":90,"minecraft:wooden_pickaxe":18,"minecraft:wooden_shovel":24,"minecraft:stone_axe":9,"minecraft:cobblestone":2,"minecraft:dirt":14,"minecraft:crafting_table":1,"minecraft:red_bed":1,"tombstone:gift":2},"minecraft:mined":{"spore:mycelium_veins":3,"spore:wall_growths_big":1,"spore:wall_growths":1,"minecraft:quartz_block":10,"minecraft:red_bed":3,"minecraft:tinted_glass":2,"spore:bloomfung2":14,"minecraft:birch_log":6,"spore:growths_big":1,"spore:growth_mycelium":1,"minecraft:grass":3,"minecraft:grass_block":6,"spore:fungal_stem":1,"minecraft:iron_bars":2,"minecraft:dirt":25,"minecraft:cobblestone":2,"minecraft:stone":66,"spore:growths_small":2,"minecraft:oak_leaves":1},"minecraft:crafted":{"minecraft:wooden_shovel":1,"minecraft:crafting_table":1,"minecraft:stick":8,"minecraft:wooden_pickaxe":1,"minecraft:stone_pickaxe":1,"minecraft:birch_planks":24,"minecraft:stone_axe":1}},"DataVersion":3465}