{"stats":{"minecraft:custom":{"minecraft:mob_kills":5,"minecraft:interact_with_crafting_table":6,"minecraft:leave_game":2,"minecraft:time_since_death":3785,"minecraft:climb_one_cm":4976,"minecraft:time_since_rest":1504,"minecraft:sprint_one_cm":96882,"minecraft:damage_taken":1355,"minecraft:walk_one_cm":60343,"minecraft:drop":5,"minecraft:damage_dealt":782,"minecraft:swim_one_cm":45423,"minecraft:fly_one_cm":104885,"minecraft:open_chest":2,"minecraft:crouch_one_cm":789,"minecraft:play_time":28664,"tombstone:undead_killed":1,"minecraft:deaths":3,"minecraft:sneak_time":428,"minecraft:walk_under_water_one_cm":7837,"minecraft:jump":629,"minecraft:walk_on_water_one_cm":4717,"minecraft:total_world_time":28664,"minecraft:fall_one_cm":12789},"minecraft:killed":{"spore:inf_player":1,"minecraft:zombie":1,"minecraft:cow":3},"minecraft:crafted":{"minecraft:stone_shovel":1,"minecraft:crafting_table":1,"minecraft:wooden_pickaxe":1,"minecraft:bowl":4,"minecraft:mushroom_stew":9,"minecraft:birch_planks":4,"minecraft:stone_axe":2,"minecraft:jungle_planks":32,"minecraft:stick":12,"minecraft:stone_pickaxe":1,"minecraft:stone_sword":1},"minecraft:broken":{"minecraft:stone_axe":1},"minecraft:mined":{"spore:fungal_roots":1,"spore:wall_growths_big":18,"spore:wall_growths":5,"minecraft:dark_oak_leaves":10,"spore:growths_big":2,"minecraft:crafting_table":3,"minecraft:grass_block":1,"minecraft:jungle_planks":8,"minecraft:jungle_log":10,"spore:fungal_stem":2,"minecraft:mushroom_stem":19,"minecraft:brown_mushroom_block":90,"minecraft:birch_slab":1,"spore:growths_small":3,"spore:rotten_planks":1,"minecraft:birch_planks":1,"spore:bloomfung2":3,"minecraft:birch_log":1,"minecraft:orange_stained_glass_pane":2,"spore:growth_mycelium":1,"spore:rotten_stair":6,"minecraft:coal_ore":18,"spore:hive_spawn":1,"spore:hanging_fungal_stem":6,"minecraft:bamboo":2,"minecraft:red_mushroom_block":89,"minecraft:stone":44,"minecraft:oak_leaves":4,"minecraft:birch_fence":1,"spore:remains":2},"minecraft:used":{"minecraft:stone_sword":12,"minecraft:birch_planks":4,"minecraft:stone_shovel":24,"minecraft:stone_pickaxe":44,"minecraft:wooden_pickaxe":18,"minecraft:dirt":1,"minecraft:crafting_table":4,"minecraft:mushroom_stew":8,"minecraft:jungle_planks":2,"minecraft:stone_axe":256,"tombstone:gift":2},"minecraft:killed_by":{"spore:busser":2,"minecraft:skeleton":1},"minecraft:dropped":{"minecraft:brown_mushroom":9,"minecraft:cobblestone":3,"minecraft:wooden_pickaxe":1},"minecraft:picked_up":{"minecraft:birch_log":1,"minecraft:crafting_table":3,"minecraft:birch_slab":1,"minecraft:jungle_log":8,"minecraft:leather":5,"minecraft:brown_mushroom":25,"minecraft:red_mushroom":37,"minecraft:birch_planks":1,"minecraft:dirt":1,"minecraft:birch_fence":1,"minecraft:beef":6,"spore:mutated_fiber":4,"minecraft:bamboo":21,"minecraft:egg":1,"minecraft:dark_oak_sapling":1,"minecraft:stick":17,"minecraft:jungle_planks":3,"minecraft:coal":16,"minecraft:cobblestone":40}},"DataVersion":3465}