{"stats":{"minecraft:killed_by":{"minecraft:creeper":1,"spore:inquisitor":1,"minecraft:drowned":4,"spore:griefer":1,"spore:inf_player":4,"spore:inf_husk":1,"iceandfire:fire_dragon":9,"spore:busser":6,"spore:usurper":1,"minecraft:skeleton":3,"spore:brot":1},"minecraft:used":{"minecraft:spruce_slab":3,"minecraft:ladder":3,"minecraft:chest":8,"minecraft:shield":43,"minecraft:iron_sword":310,"minecraft:rotten_flesh":50,"minecraft:jungle_planks":2,"minecraft:jungle_slab":5,"minecraft:milk_bucket":1,"minecraft:jungle_sapling":2,"minecraft:lava_bucket":5,"minecraft:magma_block":3,"minecraft:bow":1,"minecraft:jungle_button":12,"minecraft:furnace":5,"minecraft:oak_sapling":20,"minecraft:egg":86,"minecraft:oak_planks":19,"minecraft:stone_pickaxe":1047,"minecraft:wooden_pickaxe":51,"minecraft:jungle_boat":5,"minecraft:mushroom_stew":8,"minecraft:dripstone_block":6,"alexsmobs:terrapin_bucket":1,"minecraft:bread":4,"minecraft:melon_slice":25,"tombstone:grave_key":1,"minecraft:iron_door":1,"minecraft:oak_boat":3,"minecraft:oak_fence":5,"minecraft:stone_sword":104,"minecraft:flint_and_steel":27,"minecraft:stone_shovel":24,"minecraft:spruce_planks":3,"minecraft:wooden_shovel":5,"minecraft:cooked_chicken":2,"minecraft:oak_door":3,"minecraft:torch":162,"minecraft:dirt":91,"minecraft:hopper":4,"minecraft:spruce_stairs":1,"minecraft:jungle_trapdoor":2,"minecraft:oak_stairs":35,"minecraft:jungle_log":1,"minecraft:bamboo":68,"alexscaves:spelunkery_table":1,"tombstone:gift":6,"minecraft:cobbled_deepslate":19,"minecraft:light_gray_bed":4,"minecraft:brown_bed":1,"minecraft:pointed_dripstone":6,"minecraft:cooked_mutton":7,"minecraft:water_bucket":19,"minecraft:cobblestone_stairs":37,"minecraft:birch_planks":4,"minecraft:cauldron":3,"minecraft:oak_slab":7,"minecraft:crafting_table":15,"minecraft:white_bed":7,"minecraft:smoker":4,"minecraft:apple":2,"minecraft:iron_pickaxe":485,"iceandfire:ash":4,"minecraft:stone_axe":730,"minecraft:cobblestone":197,"minecraft:porkchop":4,"minecraft:cooked_porkchop":7,"minecraft:jungle_door":11,"minecraft:bucket":27},"minecraft:crafted":{"minecraft:oak_planks":188,"minecraft:cobblestone_stairs":40,"minecraft:cooked_mutton":7,"tombstone:grave_key":1,"iceandfire:armor_green_helmet":1,"minecraft:chest":8,"minecraft:oak_fence":6,"minecraft:wooden_shovel":1,"minecraft:cauldron":2,"minecraft:cooked_porkchop":8,"minecraft:crafting_table":7,"minecraft:jungle_boat":1,"minecraft:wooden_pickaxe":2,"minecraft:birch_planks":4,"iceandfire:armor_green_chestplate":1,"minecraft:shield":1,"minecraft:stick":112,"minecraft:iron_ingot":50,"minecraft:iron_pickaxe":2,"minecraft:stone_sword":3,"minecraft:oak_door":3,"minecraft:stone_shovel":1,"iceandfire:armor_green_leggings":1,"minecraft:fishing_rod":1,"minecraft:furnace":2,"minecraft:jungle_trapdoor":2,"minecraft:mushroom_stew":9,"minecraft:flint_and_steel":1,"minecraft:ladder":3,"minecraft:stone_pickaxe":9,"minecraft:wheat":27,"minecraft:bowl":4,"minecraft:bucket":1,"minecraft:stone_axe":9,"minecraft:jungle_slab":6,"minecraft:bread":9,"minecraft:air":0,"minecraft:jungle_planks":88,"minecraft:oak_boat":1,"minecraft:jungle_door":6,"minecraft:oak_stairs":28,"minecraft:white_bed":2,"minecraft:torch":176,"iceandfire:armor_green_boots":2},"minecraft:picked_up":{"spore:mutated_heart":3,"minecraft:oak_stairs":8,"minecraft:brown_bed":1,"minecraft:string":15,"spore:innards":1,"minecraft:raw_copper":29,"minecraft:cobbled_deepslate":171,"minecraft:spruce_planks":5,"minecraft:cobblestone_slab":4,"minecraft:melon_slice":46,"minecraft:furnace":5,"minecraft:stick":30,"minecraft:jungle_door":6,"minecraft:oak_fence":2,"minecraft:torch":7,"minecraft:spruce_stairs":2,"minecraft:porkchop":17,"tombstone:grave_dust":5,"minecraft:pointed_dripstone":12,"spore:biomass":5,"minecraft:cauldron":1,"minecraft:quartz_block":16,"minecraft:stone_sword":1,"minecraft:light_gray_bed":4,"minecraft:rotten_flesh":33,"iceandfire:fire_dragon_heart":1,"minecraft:iron_bars":2,"minecraft:cobblestone":890,"minecraft:nautilus_shell":1,"minecraft:birch_log":1,"minecraft:pink_petals":10,"minecraft:magma_block":4,"minecraft:feather":12,"minecraft:andesite":37,"minecraft:iron_door":1,"minecraft:birch_slab":1,"minecraft:jungle_log":33,"minecraft:smoker":4,"minecraft:flint":3,"minecraft:tuff":18,"minecraft:gray_concrete":5,"minecraft:lapis_lazuli":61,"minecraft:dirt":169,"minecraft:bone":13,"minecraft:wheat_seeds":16,"minecraft:raw_gold":50,"minecraft:bamboo":134,"minecraft:oak_planks":23,"spore:cerebrum":4,"minecraft:cooked_porkchop":4,"spore:armor_fragment":24,"minecraft:jungle_planks":3,"minecraft:grass_block":1,"minecraft:jungle_slab":5,"minecraft:barrel":3,"spore:claw_fragment":20,"minecraft:diamond":10,"minecraft:granite":109,"spore:spine_fragment":5,"minecraft:oak_sapling":19,"iceandfire:raw_silver":1,"minecraft:cocoa_beans":7,"minecraft:crafting_table":8,"minecraft:chicken":18,"minecraft:brown_mushroom":28,"minecraft:cornflower":1,"minecraft:birch_fence":1,"minecraft:beef":6,"minecraft:oak_boat":3,"minecraft:jungle_sapling":3,"minecraft:poppy":1,"minecraft:spruce_slab":3,"minecraft:tinted_glass":3,"minecraft:egg":39,"minecraft:dark_oak_sapling":1,"spore:tumor":3,"minecraft:raw_iron":60,"iceandfire:dragonbone":10,"iceandfire:dragonscales_green":28,"minecraft:oak_door":1,"spore:wing_membrane":1,"minecraft:copper_ingot":2,"sophisticatedbackpacks:backpack":1,"minecraft:stone_button":3,"minecraft:redstone":99,"minecraft:arrow":12,"minecraft:hay_block":3,"alexscaves:spelunkery_table":1,"spore:tendons":11,"minecraft:mutton":7,"minecraft:white_wool":4,"minecraft:jungle_boat":4,"minecraft:leather":5,"minecraft:red_mushroom":37,"minecraft:birch_planks":1,"minecraft:oak_log":47,"minecraft:jungle_button":12,"minecraft:gunpowder":2,"minecraft:cobblestone_stairs":10,"minecraft:paper":24,"minecraft:apple":2,"minecraft:iron_ingot":7,"minecraft:stone_pickaxe":1,"minecraft:cooked_chicken":2,"spore:mutated_fiber":73,"minecraft:oak_slab":13,"iceandfire:ash":3,"minecraft:dripstone_block":10,"minecraft:gravel":17,"minecraft:white_bed":5,"minecraft:spruce_log":2,"minecraft:spider_eye":4,"minecraft:leather_helmet":1,"minecraft:stone_axe":2,"tombstone:magic_scroll":1,"minecraft:coal":100,"minecraft:hopper":3,"minecraft:ender_pearl":2},"minecraft:broken":{"minecraft:stone_pickaxe":7,"minecraft:stone_axe":5,"minecraft:iron_sword":1,"minecraft:leather_helmet":1,"minecraft:shield":1,"minecraft:iron_pickaxe":1,"minecraft:iron_helmet":1},"minecraft:custom":{"minecraft:animals_bred":7,"minecraft:interact_with_crafting_table":72,"minecraft:open_barrel":19,"minecraft:leave_game":8,"minecraft:time_since_death":12320,"minecraft:sprint_one_cm":729231,"minecraft:damage_blocked_by_shield":2785,"minecraft:drop":36,"minecraft:play_time":316550,"minecraft:deaths":36,"minecraft:jump":5446,"minecraft:walk_on_water_one_cm":108792,"minecraft:interact_with_furnace":49,"minecraft:interact_with_loom":2,"minecraft:sleep_in_bed":13,"minecraft:waystone_activated":1,"minecraft:damage_dealt":28955,"minecraft:player_kills":1,"minecraft:crouch_one_cm":18750,"tombstone:undead_killed":48,"minecraft:interact_with_smoker":11,"minecraft:use_cauldron":2,"minecraft:mob_kills":157,"minecraft:climb_one_cm":18514,"minecraft:walk_one_cm":936029,"minecraft:damage_dealt_absorbed":80,"minecraft:sneak_time":6619,"minecraft:walk_under_water_one_cm":79514,"minecraft:boat_one_cm":463776,"minecraft:total_world_time":316550,"minecraft:time_since_rest":5905,"minecraft:damage_taken":12181,"minecraft:swim_one_cm":202541,"minecraft:fly_one_cm":1006118,"minecraft:open_chest":167,"minecraft:fall_one_cm":119912},"minecraft:mined":{"spore:fungal_roots":10,"minecraft:spruce_planks":5,"minecraft:white_bed":5,"minecraft:oak_sapling":1,"spore:wall_growths":16,"minecraft:jungle_slab":5,"minecraft:cobblestone_stairs":11,"minecraft:jungle_leaves":1,"minecraft:granite":113,"minecraft:grass_block":26,"minecraft:jungle_log":35,"spore:fungal_stem":13,"minecraft:light_gray_bed":4,"minecraft:hopper":1,"minecraft:magma_block":4,"minecraft:cobbled_deepslate":1,"minecraft:iron_ore":16,"minecraft:fire":6,"minecraft:barrel":3,"minecraft:deepslate_lapis_ore":6,"spore:growth_mycelium":10,"minecraft:brown_bed":1,"minecraft:pointed_dripstone":3,"minecraft:oak_stairs":8,"minecraft:iron_bars":2,"minecraft:spruce_slab":4,"minecraft:deepslate_redstone_ore":17,"minecraft:brown_mushroom":2,"minecraft:jungle_door":5,"minecraft:quartz_block":16,"minecraft:kelp_plant":1,"minecraft:smoker":4,"spore:growths_big":19,"minecraft:torch":3,"minecraft:melon":10,"minecraft:mushroom_stem":19,"minecraft:cobblestone":71,"minecraft:oak_planks":15,"minecraft:iron_door":1,"minecraft:wall_torch":3,"minecraft:cauldron":1,"minecraft:pink_petals":1,"minecraft:tinted_glass":3,"minecraft:birch_log":1,"minecraft:grass":74,"minecraft:oak_log":47,"minecraft:dirt":126,"spore:hanging_fungal_stem":9,"minecraft:red_mushroom_block":89,"minecraft:oak_leaves":22,"minecraft:deepslate":174,"spore:remains":6,"alexscaves:spelunkery_table":1,"minecraft:tuff":20,"spore:wall_growths_big":28,"minecraft:dark_oak_leaves":10,"minecraft:deepslate_diamond_ore":5,"minecraft:oak_door":1,"minecraft:chiseled_bookshelf":1,"minecraft:stone_button":1,"minecraft:jungle_planks":8,"iceandfire:deepslate_silver_ore":1,"minecraft:brown_mushroom_block":90,"minecraft:birch_slab":1,"spore:growths_small":15,"spore:rotten_planks":1,"minecraft:hay_block":3,"minecraft:furnace":4,"spore:blomfung":7,"minecraft:orange_stained_glass_pane":2,"minecraft:andesite":37,"spore:rotten_stair":9,"minecraft:deepslate_iron_ore":40,"minecraft:cobblestone_slab":4,"minecraft:vine":3,"spore:hive_spawn":1,"spore:biomass_bulb":2,"minecraft:bamboo":6,"minecraft:stone":814,"minecraft:oak_slab":15,"minecraft:gray_concrete":9,"minecraft:oak_fence":2,"minecraft:crafting_table":8,"minecraft:tall_grass":20,"minecraft:copper_ore":7,"minecraft:lapis_ore":2,"minecraft:deepslate_gold_ore":48,"minecraft:spruce_stairs":2,"minecraft:birch_planks":1,"spore:bloomfung2":30,"minecraft:spruce_log":1,"spore:fungal_stem_top":5,"minecraft:coal_ore":106,"minecraft:gravel":7,"minecraft:dripstone_block":10,"minecraft:cobweb":4,"minecraft:gold_ore":2,"minecraft:birch_fence":1},"minecraft:killed":{"spore:inf_hazmat":1,"spore:braiomil":1,"minecraft:spider":7,"spore:leaper":2,"minecraft:skeleton":9,"minecraft:chicken":28,"minecraft:pig":9,"spore:inf_player":11,"spore:inf_wanderer":1,"spore:scamper":1,"spore:inf_drowned":1,"minecraft:creeper":1,"minecraft:sheep":4,"spore:inf_villager":6,"spore:mound":1,"spore:inf_human":11,"minecraft:zombie":29,"spore:knight":1,"minecraft:cow":3,"mca:female_zombie_villager":1,"mca:male_zombie_villager":2,"spore:inf_vindicator":1,"spore:griefer":1,"iceandfire:fire_dragon":1,"minecraft:drowned":7,"spore:brute":2,"spore:inf_pillager":3,"spore:busser":2,"spore:inf_husk":1,"minecraft:enderman":3},"minecraft:dropped":{"iceandfire:raw_silver":1,"minecraft:brown_mushroom":9,"minecraft:cooked_porkchop":3,"minecraft:dirt":21,"minecraft:stone_button":3,"minecraft:gravel":14,"minecraft:stone_axe":1,"minecraft:cobbled_deepslate":5,"minecraft:tinted_glass":1,"minecraft:iron_ingot":1,"minecraft:cobblestone":12,"minecraft:granite":84,"mca:book_romance":1,"tombstone:grave_key":1,"minecraft:melon_slice":21,"minecraft:jungle_door":2,"minecraft:stone_sword":1,"minecraft:tuff":18,"minecraft:andesite":9,"minecraft:wooden_shovel":1,"minecraft:wooden_pickaxe":2}},"DataVersion":3465}