{"stats":{"minecraft:picked_up":{"minecraft:waxed_oxidized_cut_copper":4,"spore:incubator":3,"spore:mutated_heart":3,"minecraft:ladder":6,"minecraft:iron_trapdoor":1,"iceandfire:witherbone":1,"minecraft:flower_pot":1,"minecraft:diamond_sword":1,"minecraft:enchanted_book":1,"minecraft:birch_button":1,"minecraft:crimson_trapdoor":1,"tombstone:grave_key":1,"spore:innards":1,"minecraft:red_bed":8,"minecraft:string":2,"minecraft:dark_oak_trapdoor":3,"minecraft:waxed_cut_copper_slab":11,"minecraft:flint_and_steel":1,"minecraft:iron_leggings":2,"minecraft:item_frame":4,"minecraft:compass":1,"minecraft:cobbled_deepslate":5,"minecraft:smooth_stone":2,"minecraft:dark_prismarine_stairs":5,"minecraft:spruce_planks":10,"minecraft:waxed_exposed_cut_copper":5,"minecraft:player_head":5,"minecraft:cyan_wool":5,"minecraft:smooth_quartz":2,"minecraft:iron_pickaxe":2,"minecraft:tinted_glass":3,"minecraft:crimson_sign":2,"minecraft:dark_oak_door":3,"minecraft:tipped_arrow":2,"minecraft:stick":1,"sophisticatedbackpacks:backpack":1,"tombstone:grave_dust":9,"minecraft:cauldron":2,"minecraft:dark_oak_planks":7,"minecraft:waxed_cut_copper_stairs":1,"minecraft:quartz_block":29,"minecraft:stone_sword":1,"minecraft:arrow":39,"minecraft:rotten_flesh":10,"minecraft:saddle":1,"minecraft:black_banner":1,"spore:zoaholic":2,"minecraft:waxed_cut_copper":13,"minecraft:iron_bars":2,"minecraft:cobblestone":65,"minecraft:birch_log":27,"minecraft:mud_bricks":49,"minecraft:cooked_beef":1,"minecraft:packed_mud":15,"minecraft:stripped_spruce_wood":30,"minecraft:oak_log":46,"iceandfire:ectoplasm":2,"minecraft:gunpowder":3,"minecraft:wither_skeleton_skull":1,"minecraft:gray_concrete":11,"minecraft:dirt":33,"minecraft:lantern":1,"minecraft:bone":37,"minecraft:gray_carpet":4,"minecraft:bow":2,"minecraft:dark_oak_sign":1,"minecraft:iron_ingot":2,"spore:mutated_fiber":35,"minecraft:mangrove_planks":1,"minecraft:moss_block":3,"spore:biomass_block":9,"minecraft:iron_sword":1,"minecraft:oak_planks":2,"minecraft:dark_oak_stairs":3,"minecraft:book":3,"minecraft:milk_bucket":1,"spore:cerebrum":5,"minecraft:black_terracotta":19,"minecraft:red_sandstone_wall":1,"minecraft:daylight_detector":3,"spore:armor_fragment":13,"minecraft:mud_brick_wall":7,"minecraft:spider_eye":1,"minecraft:dark_prismarine":45,"minecraft:bundle":1,"spore:claw_fragment":32,"minecraft:dark_prismarine_slab":2,"minecraft:polished_andesite":1,"minecraft:dispenser":2,"minecraft:diamond":1,"minecraft:honey_block":3,"minecraft:lever":1,"minecraft:diamond_axe":2,"minecraft:coal":28,"minecraft:emerald":10,"minecraft:waxed_oxidized_cut_copper_slab":1,"minecraft:oak_sapling":1},"minecraft:killed_by":{"spore:busser":3,"minecraft:wither_skeleton":1,"minecraft:creeper":1,"minecraft:ravager":1,"spore:inquisitor":1,"spore:inf_player":1,"spore:inf_husk":1,"minecraft:skeleton":25,"minecraft:zombie":8,"spore:leaper":1},"minecraft:killed":{"spore:inf_hazmat":5,"spore:thorn":1,"spore:braiomil":1,"minecraft:spider":2,"spore:leaper":1,"minecraft:skeleton":39,"spore:inf_player":4,"minecraft:creeper":2,"spore:inf_villager":1,"spore:inf_pillager":2,"spore:inf_human":11,"minecraft:zombie":15,"iceandfire:ghost":3,"spore:lacerator":1,"spore:busser":1,"minecraft:wither_skeleton":1,"spore:inf_husk":4,"spore:knight":1},"minecraft:broken":{"minecraft:diamond_helmet":1,"minecraft:diamond_boots":1,"minecraft:shield":1,"minecraft:iron_sword":1,"minecraft:iron_helmet":1},"minecraft:custom":{"minecraft:mob_kills":98,"minecraft:interact_with_crafting_table":18,"minecraft:open_barrel":52,"minecraft:eat_cake_slice":1,"minecraft:leave_game":2,"minecraft:time_since_death":7055,"minecraft:climb_one_cm":24878,"minecraft:sprint_one_cm":514432,"minecraft:walk_one_cm":579572,"minecraft:damage_blocked_by_shield":1905,"minecraft:drop":85,"minecraft:play_noteblock":6,"minecraft:damage_dealt_absorbed":42,"minecraft:play_time":188083,"minecraft:deaths":44,"minecraft:sneak_time":15063,"minecraft:walk_under_water_one_cm":4076,"minecraft:jump":2673,"minecraft:walk_on_water_one_cm":4694,"minecraft:total_world_time":188083,"minecraft:tune_noteblock":2,"minecraft:interact_with_cartography_table":1,"minecraft:sleep_in_bed":11,"minecraft:time_since_rest":5819,"minecraft:open_enderchest":2,"minecraft:damage_taken":16449,"minecraft:damage_absorbed":360,"minecraft:damage_dealt":19093,"minecraft:player_kills":1,"minecraft:swim_one_cm":8276,"minecraft:fly_one_cm":451693,"minecraft:open_chest":65,"minecraft:crouch_one_cm":31823,"tombstone:undead_killed":58,"minecraft:interact_with_smoker":6,"minecraft:fall_one_cm":50971,"minecraft:inspect_dispenser":1},"minecraft:dropped":{"minecraft:daylight_detector":1,"minecraft:iron_sword":1,"minecraft:wheat_seeds":1,"minecraft:oak_log":64,"spore:biomass_block":2,"minecraft:cobblestone":39,"minecraft:mangrove_planks":1,"minecraft:red_sandstone_wall":1,"minecraft:golden_apple":8,"minecraft:item_frame":4,"minecraft:polished_andesite":1,"minecraft:stick":1,"minecraft:gray_concrete":3,"minecraft:mud_brick_wall":9,"minecraft:iron_trapdoor":1,"minecraft:dispenser":2,"tombstone:grave_key":2,"minecraft:dark_oak_trapdoor":1,"minecraft:crimson_sign":2,"minecraft:iron_leggings":2,"minecraft:iron_axe":1,"spore:mutated_heart":1,"minecraft:iron_pickaxe":3,"minecraft:smooth_stone":2,"minecraft:string":3,"spore:claw_fragment":7,"minecraft:gray_carpet":2,"minecraft:waxed_cut_copper_slab":5,"minecraft:dark_oak_door":2,"minecraft:stone_axe":1,"minecraft:dark_prismarine_stairs":2,"minecraft:birch_sapling":1,"minecraft:black_terracotta":2,"spore:cerebrum":2,"spore:mutated_fiber":2,"minecraft:waxed_exposed_cut_copper":1,"minecraft:waxed_oxidized_cut_copper_slab":1,"minecraft:tipped_arrow":2,"minecraft:flower_pot":1,"minecraft:waxed_cut_copper":3,"minecraft:spruce_planks":1,"minecraft:ladder":6,"minecraft:oak_sapling":1,"minecraft:wooden_shovel":1,"minecraft:birch_button":1,"minecraft:bow":2,"minecraft:wooden_pickaxe":1},"minecraft:crafted":{"minecraft:oak_planks":76,"minecraft:diamond":18,"minecraft:diamond_helmet":1,"minecraft:diamond_leggings":1,"minecraft:iron_axe":2,"minecraft:stone_pickaxe":1,"minecraft:diamond_boots":1,"sophisticatedbackpacks:iron_backpack":1,"minecraft:wooden_shovel":1,"minecraft:diamond_axe":1,"minecraft:crafting_table":2,"minecraft:spruce_planks":32,"minecraft:wooden_pickaxe":1,"sophisticatedbackpacks:gold_backpack":1,"minecraft:birch_planks":108,"minecraft:stone_axe":1,"minecraft:shield":1,"sophisticatedbackpacks:diamond_backpack":1,"minecraft:stick":40,"minecraft:iron_pickaxe":2,"minecraft:torch":36,"minecraft:diamond_chestplate":1},"minecraft:used":{"minecraft:waxed_exposed_cut_copper":2,"minecraft:stone_sword":50,"minecraft:iron_bars":2,"minecraft:flint_and_steel":5,"spore:zoaholic":1,"spore:biomass_block":5,"minecraft:spruce_planks":22,"minecraft:chest":2,"minecraft:shield":13,"minecraft:tinted_glass":3,"minecraft:iron_sword":252,"minecraft:wooden_shovel":24,"minecraft:torch":2,"spore:incubator":2,"minecraft:dirt":58,"minecraft:cyan_wool":6,"minecraft:milk_bucket":1,"minecraft:dark_oak_planks":6,"minecraft:honey_block":3,"minecraft:lantern":1,"minecraft:waxed_cut_copper":8,"minecraft:iron_axe":76,"minecraft:packed_mud":8,"minecraft:quartz_block":29,"minecraft:smooth_quartz":2,"minecraft:mud_bricks":44,"minecraft:bow":54,"minecraft:waxed_cut_copper_slab":1,"minecraft:golden_carrot":17,"tombstone:gift":5,"minecraft:dark_prismarine_stairs":1,"minecraft:iron_leggings":1,"minecraft:dark_oak_stairs":1,"minecraft:water_bucket":8,"minecraft:wither_skeleton_skull":1,"minecraft:birch_planks":87,"minecraft:gray_carpet":2,"minecraft:stone_pickaxe":176,"minecraft:oak_planks":66,"minecraft:waxed_oxidized_cut_copper":3,"minecraft:wooden_pickaxe":18,"minecraft:diamond_axe":178,"minecraft:golden_apple":10,"minecraft:dark_prismarine_slab":1,"minecraft:crafting_table":2,"minecraft:red_bed":8,"minecraft:black_banner":1,"minecraft:gray_concrete":8,"minecraft:dark_prismarine":31,"minecraft:dark_oak_door":1,"minecraft:black_terracotta":17,"minecraft:oak_log":5,"minecraft:lever":1,"minecraft:bread":17,"minecraft:iron_pickaxe":243,"tombstone:grave_key":11,"minecraft:stone_axe":475,"minecraft:cobblestone":20,"minecraft:mud_brick_wall":3,"minecraft:bucket":8,"minecraft:waxed_cut_copper_stairs":1,"minecraft:moss_block":3},"minecraft:mined":{"minecraft:dark_prismarine":45,"minecraft:dark_oak_planks":13,"minecraft:waxed_cut_copper_slab":5,"spore:fungal_roots":19,"spore:wall_growths_big":68,"minecraft:spruce_planks":2,"spore:wall_growths":58,"minecraft:deepslate_diamond_ore":1,"minecraft:black_terracotta":17,"minecraft:cave_vines_plant":1,"minecraft:grass_block":6,"spore:fungal_stem":76,"spore:infested_laboratory_block2":1,"minecraft:mud_brick_wall":3,"minecraft:mud_bricks":47,"minecraft:moss_block":2,"spore:growths_small":76,"minecraft:spawner":13,"spore:mycelium_veins":3,"minecraft:smooth_stone":1,"minecraft:waxed_oxidized_cut_copper":3,"minecraft:packed_mud":17,"minecraft:dark_oak_trapdoor":4,"spore:blomfung":5,"minecraft:fire":5,"minecraft:waxed_oxidized_cut_copper_slab":2,"spore:growth_mycelium":129,"minecraft:dark_oak_stairs":3,"minecraft:green_stained_glass":1,"spore:rotten_stair":1,"minecraft:cave_vines":8,"spore:zoaholic":2,"minecraft:iron_bars":2,"minecraft:stone":66,"minecraft:spruce_slab":2,"minecraft:waxed_cut_copper_stairs":1,"minecraft:waxed_cut_copper":9,"minecraft:gray_concrete":12,"minecraft:quartz_block":36,"minecraft:red_bed":7,"spore:growths_big":99,"minecraft:note_block":3,"minecraft:honey_block":4,"minecraft:deepslate_coal_ore":28,"minecraft:cobblestone":5,"spore:biomass_block":7,"minecraft:oak_planks":16,"minecraft:iron_door":1,"minecraft:cauldron":2,"minecraft:cyan_wool":6,"minecraft:birch_planks":1,"minecraft:stripped_spruce_wood":31,"minecraft:tinted_glass":4,"spore:bloomfung2":233,"minecraft:birch_log":6,"spore:incubator":3,"minecraft:dark_prismarine_slab":1,"minecraft:mangrove_planks":1,"minecraft:red_sandstone_wall":3,"spore:fungal_stem_top":11,"minecraft:grass":3,"minecraft:oak_log":1,"minecraft:dirt":27,"minecraft:gray_carpet":4,"spore:hanging_fungal_stem":11,"minecraft:deepslate_emerald_ore":10,"minecraft:stripped_acacia_wood":2,"minecraft:dispenser":1,"minecraft:polished_andesite":1,"minecraft:small_dripleaf":1,"spore:rooted_mycelium":1,"minecraft:piston":2,"spore:remains":1,"minecraft:waxed_exposed_cut_copper":5,"minecraft:oak_leaves":2,"minecraft:iron_trapdoor":1,"minecraft:daylight_detector":2,"minecraft:deepslate":7,"minecraft:dark_prismarine_stairs":5}},"DataVersion":3465}