{"stats":{"minecraft:dropped":{"minecraft:daylight_detector":1,"minecraft:iron_sword":1,"minecraft:wheat_seeds":1,"spore:biomass_block":2,"minecraft:oak_log":64,"minecraft:cobblestone":39,"minecraft:polished_andesite":1,"minecraft:stick":1,"minecraft:gray_concrete":3,"minecraft:iron_trapdoor":1,"minecraft:iron_axe":1,"minecraft:iron_pickaxe":3,"minecraft:smooth_stone":2,"minecraft:stone_axe":1,"minecraft:birch_sapling":1,"minecraft:flower_pot":1,"minecraft:wooden_shovel":1,"minecraft:oak_sapling":1,"minecraft:wooden_pickaxe":1},"minecraft:custom":{"minecraft:mob_kills":46,"minecraft:interact_with_crafting_table":5,"minecraft:open_barrel":13,"minecraft:time_since_death":2407,"minecraft:climb_one_cm":2483,"minecraft:sprint_one_cm":162059,"minecraft:walk_one_cm":229417,"minecraft:drop":25,"minecraft:play_time":65186,"minecraft:deaths":16,"minecraft:sneak_time":7461,"minecraft:walk_under_water_one_cm":247,"minecraft:jump":1034,"minecraft:walk_on_water_one_cm":3285,"minecraft:total_world_time":65186,"minecraft:interact_with_cartography_table":1,"minecraft:sleep_in_bed":5,"minecraft:time_since_rest":1769,"minecraft:damage_taken":4975,"minecraft:damage_dealt":9610,"minecraft:swim_one_cm":6226,"minecraft:player_kills":1,"minecraft:fly_one_cm":192539,"minecraft:open_chest":24,"minecraft:crouch_one_cm":18286,"tombstone:undead_killed":25,"minecraft:interact_with_smoker":4,"minecraft:fall_one_cm":18074,"minecraft:inspect_dispenser":1},"minecraft:killed_by":{"spore:busser":3,"minecraft:creeper":1,"spore:inf_player":1,"minecraft:skeleton":7,"minecraft:zombie":3,"spore:leaper":1},"minecraft:picked_up":{"spore:mutated_heart":1,"spore:incubator":3,"minecraft:waxed_oxidized_cut_copper":1,"minecraft:flower_pot":1,"minecraft:iron_trapdoor":1,"minecraft:enchanted_book":1,"minecraft:crimson_trapdoor":1,"minecraft:red_bed":8,"minecraft:dark_oak_trapdoor":2,"minecraft:smooth_stone":2,"minecraft:cobbled_deepslate":5,"minecraft:spruce_planks":7,"minecraft:waxed_exposed_cut_copper":1,"minecraft:player_head":4,"minecraft:iron_pickaxe":2,"minecraft:tinted_glass":2,"minecraft:dark_oak_door":1,"minecraft:stick":1,"tombstone:grave_dust":4,"minecraft:cauldron":2,"minecraft:dark_oak_planks":5,"minecraft:quartz_block":29,"minecraft:stone_sword":1,"minecraft:arrow":15,"minecraft:rotten_flesh":5,"spore:zoaholic":2,"minecraft:iron_bars":2,"minecraft:cobblestone":65,"minecraft:birch_log":27,"minecraft:mud_bricks":8,"minecraft:packed_mud":3,"minecraft:oak_log":45,"iceandfire:ectoplasm":1,"minecraft:gray_concrete":11,"minecraft:dirt":32,"minecraft:bone":22,"minecraft:iron_ingot":2,"minecraft:dark_oak_sign":1,"spore:mutated_fiber":1,"spore:biomass_block":9,"minecraft:iron_sword":1,"minecraft:dark_oak_stairs":3,"minecraft:black_terracotta":1,"spore:cerebrum":2,"minecraft:daylight_detector":3,"spore:armor_fragment":1,"minecraft:mud_brick_wall":2,"minecraft:dark_prismarine":1,"spore:claw_fragment":2,"minecraft:polished_andesite":1,"minecraft:lever":1,"minecraft:diamond_axe":2,"minecraft:oak_sapling":1},"minecraft:killed":{"spore:inf_hazmat":5,"minecraft:spider":1,"minecraft:skeleton":17,"spore:inf_player":4,"spore:inf_pillager":1,"spore:inf_human":5,"minecraft:zombie":6,"iceandfire:ghost":2,"spore:lacerator":1,"spore:busser":1,"spore:inf_husk":1},"minecraft:used":{"minecraft:stone_sword":50,"minecraft:iron_bars":2,"spore:biomass_block":5,"spore:zoaholic":1,"minecraft:tinted_glass":2,"minecraft:iron_sword":154,"minecraft:wooden_shovel":24,"spore:incubator":2,"minecraft:dirt":57,"minecraft:dark_oak_planks":4,"minecraft:iron_axe":10,"minecraft:packed_mud":3,"minecraft:quartz_block":29,"minecraft:mud_bricks":8,"minecraft:bow":22,"tombstone:gift":4,"minecraft:dark_oak_stairs":1,"minecraft:birch_planks":87,"minecraft:stone_pickaxe":176,"minecraft:oak_planks":60,"minecraft:wooden_pickaxe":18,"minecraft:diamond_axe":27,"minecraft:crafting_table":2,"minecraft:red_bed":8,"minecraft:gray_concrete":8,"minecraft:lever":1,"minecraft:bread":12,"minecraft:iron_pickaxe":25,"tombstone:grave_key":1,"minecraft:stone_axe":475,"minecraft:cobblestone":20,"minecraft:mud_brick_wall":2},"minecraft:broken":{"minecraft:iron_helmet":1},"minecraft:mined":{"minecraft:dark_oak_planks":6,"minecraft:dark_prismarine":1,"spore:fungal_roots":19,"minecraft:spruce_planks":1,"spore:wall_growths_big":66,"spore:wall_growths":57,"minecraft:black_terracotta":2,"minecraft:grass_block":6,"spore:fungal_stem":75,"spore:infested_laboratory_block2":1,"minecraft:mud_bricks":9,"minecraft:mud_brick_wall":2,"spore:growths_small":75,"minecraft:spawner":4,"spore:mycelium_veins":3,"minecraft:smooth_stone":1,"minecraft:waxed_oxidized_cut_copper":1,"minecraft:packed_mud":3,"minecraft:dark_oak_trapdoor":2,"spore:blomfung":4,"spore:growth_mycelium":129,"minecraft:dark_oak_stairs":3,"spore:rotten_stair":1,"minecraft:iron_bars":2,"spore:zoaholic":2,"minecraft:stone":66,"minecraft:gray_concrete":12,"minecraft:quartz_block":36,"minecraft:red_bed":7,"spore:growths_big":98,"spore:biomass_block":7,"minecraft:cobblestone":5,"minecraft:oak_planks":1,"minecraft:iron_door":1,"minecraft:cauldron":2,"minecraft:birch_planks":1,"minecraft:tinted_glass":2,"spore:bloomfung2":226,"minecraft:birch_log":6,"spore:incubator":3,"spore:fungal_stem_top":11,"minecraft:grass":3,"minecraft:dirt":26,"spore:hanging_fungal_stem":9,"minecraft:polished_andesite":1,"spore:rooted_mycelium":1,"minecraft:waxed_exposed_cut_copper":1,"minecraft:oak_leaves":2,"minecraft:iron_trapdoor":1,"minecraft:daylight_detector":2,"minecraft:deepslate":7},"minecraft:crafted":{"minecraft:oak_planks":60,"minecraft:iron_axe":2,"minecraft:stone_pickaxe":1,"minecraft:wooden_shovel":1,"minecraft:diamond_axe":1,"minecraft:crafting_table":2,"minecraft:wooden_pickaxe":1,"minecraft:birch_planks":108,"minecraft:stone_axe":1,"minecraft:stick":16,"minecraft:iron_pickaxe":2}},"DataVersion":3465}