{"stats":{"minecraft:custom":{"minecraft:mob_kills":5,"minecraft:interact_with_crafting_table":14,"minecraft:leave_game":2,"minecraft:time_since_death":11875,"minecraft:climb_one_cm":5258,"minecraft:time_since_rest":11439,"minecraft:sprint_one_cm":104745,"minecraft:damage_taken":1475,"minecraft:walk_one_cm":104241,"minecraft:drop":8,"minecraft:damage_dealt":800,"minecraft:swim_one_cm":45423,"minecraft:fly_one_cm":108323,"minecraft:open_chest":5,"minecraft:crouch_one_cm":789,"minecraft:play_time":40664,"tombstone:undead_killed":1,"minecraft:deaths":4,"minecraft:sneak_time":452,"minecraft:walk_under_water_one_cm":10872,"minecraft:jump":686,"minecraft:walk_on_water_one_cm":5980,"minecraft:total_world_time":40664,"minecraft:fall_one_cm":13056},"minecraft:killed":{"spore:inf_player":1,"minecraft:zombie":1,"minecraft:cow":3},"minecraft:crafted":{"minecraft:oak_door":3,"minecraft:wooden_shovel":1,"minecraft:oak_planks":28,"minecraft:stone_shovel":1,"minecraft:crafting_table":2,"minecraft:wooden_pickaxe":2,"minecraft:bowl":4,"minecraft:cobblestone_stairs":40,"minecraft:mushroom_stew":9,"minecraft:birch_planks":4,"minecraft:stone_axe":3,"minecraft:jungle_planks":32,"minecraft:stick":24,"minecraft:stone_pickaxe":3,"minecraft:stone_sword":1,"minecraft:chest":1,"minecraft:torch":4},"minecraft:mined":{"spore:fungal_roots":1,"spore:wall_growths_big":18,"spore:wall_growths":5,"minecraft:dark_oak_leaves":10,"minecraft:kelp_plant":1,"minecraft:jungle_leaves":1,"spore:growths_big":2,"minecraft:crafting_table":4,"minecraft:torch":1,"minecraft:granite":44,"minecraft:grass_block":3,"minecraft:jungle_planks":8,"minecraft:jungle_log":23,"spore:fungal_stem":2,"minecraft:mushroom_stem":19,"minecraft:brown_mushroom_block":90,"minecraft:copper_ore":7,"minecraft:birch_slab":1,"spore:growths_small":3,"minecraft:wall_torch":1,"spore:rotten_planks":1,"minecraft:birch_planks":1,"spore:bloomfung2":3,"minecraft:birch_log":1,"minecraft:orange_stained_glass_pane":2,"spore:growth_mycelium":1,"spore:rotten_stair":6,"minecraft:oak_log":7,"minecraft:coal_ore":25,"minecraft:vine":2,"spore:hive_spawn":1,"minecraft:dirt":3,"spore:hanging_fungal_stem":6,"minecraft:bamboo":2,"minecraft:red_mushroom_block":89,"minecraft:stone":255,"minecraft:oak_leaves":11,"minecraft:birch_fence":1,"spore:remains":2},"minecraft:broken":{"minecraft:stone_pickaxe":1,"minecraft:stone_axe":1},"minecraft:used":{"minecraft:cobblestone_stairs":18,"minecraft:stone_sword":15,"minecraft:birch_planks":4,"minecraft:stone_shovel":24,"minecraft:stone_pickaxe":280,"minecraft:chest":1,"minecraft:wooden_pickaxe":51,"minecraft:wooden_shovel":5,"minecraft:oak_door":2,"minecraft:torch":6,"minecraft:dirt":2,"minecraft:crafting_table":6,"minecraft:mushroom_stew":8,"minecraft:jungle_planks":2,"minecraft:stone_axe":280,"minecraft:cobblestone":2,"tombstone:gift":2},"minecraft:killed_by":{"spore:busser":3,"minecraft:skeleton":1},"minecraft:dropped":{"minecraft:brown_mushroom":9,"minecraft:cobblestone":3,"tombstone:grave_key":1,"minecraft:wooden_shovel":1,"minecraft:wooden_pickaxe":2},"minecraft:picked_up":{"minecraft:birch_log":1,"minecraft:cocoa_beans":7,"minecraft:crafting_table":4,"minecraft:birch_slab":1,"minecraft:jungle_log":21,"minecraft:leather":5,"minecraft:brown_mushroom":25,"minecraft:red_mushroom":37,"minecraft:birch_planks":1,"minecraft:oak_log":7,"minecraft:dirt":6,"minecraft:raw_copper":29,"minecraft:birch_fence":1,"minecraft:beef":6,"minecraft:jungle_sapling":1,"spore:mutated_fiber":4,"minecraft:bamboo":21,"minecraft:egg":1,"minecraft:dark_oak_sapling":1,"minecraft:stick":17,"minecraft:torch":2,"minecraft:jungle_planks":3,"minecraft:granite":41,"minecraft:oak_sapling":2,"minecraft:coal":23,"minecraft:cobblestone":250}},"DataVersion":3465}