{"stats":{"minecraft:killed":{"mca:female_zombie_villager":1,"spore:inf_hazmat":1,"minecraft:spider":1,"minecraft:skeleton":1,"minecraft:chicken":2,"minecraft:drowned":7,"minecraft:pig":6,"spore:inf_player":10,"spore:brute":1,"minecraft:creeper":1,"spore:inf_pillager":1,"minecraft:sheep":4,"spore:inf_human":2,"minecraft:zombie":7,"spore:busser":1,"minecraft:cow":3},"minecraft:dropped":{"minecraft:iron_ingot":1,"minecraft:brown_mushroom":9,"minecraft:cooked_porkchop":3,"minecraft:cobblestone":3,"minecraft:granite":64,"minecraft:dirt":21,"tombstone:grave_key":1,"minecraft:melon_slice":21,"minecraft:jungle_door":2,"minecraft:stone_sword":1,"minecraft:tinted_glass":1,"minecraft:andesite":8,"minecraft:wooden_shovel":1,"minecraft:wooden_pickaxe":2},"minecraft:custom":{"minecraft:mob_kills":50,"minecraft:animals_bred":2,"minecraft:interact_with_crafting_table":39,"minecraft:open_barrel":4,"minecraft:leave_game":4,"minecraft:time_since_death":4886,"minecraft:climb_one_cm":6750,"minecraft:sprint_one_cm":350463,"minecraft:walk_one_cm":467713,"minecraft:damage_blocked_by_shield":720,"minecraft:drop":20,"minecraft:damage_dealt_absorbed":80,"minecraft:play_time":158138,"minecraft:sneak_time":2002,"minecraft:deaths":16,"minecraft:walk_under_water_one_cm":41633,"minecraft:boat_one_cm":463776,"minecraft:jump":2397,"minecraft:walk_on_water_one_cm":74361,"minecraft:total_world_time":158138,"minecraft:interact_with_furnace":17,"minecraft:sleep_in_bed":4,"minecraft:time_since_rest":0,"minecraft:damage_taken":5877,"minecraft:damage_dealt":10167,"minecraft:swim_one_cm":140434,"minecraft:player_kills":1,"minecraft:fly_one_cm":393414,"minecraft:open_chest":43,"minecraft:crouch_one_cm":3528,"tombstone:undead_killed":16,"minecraft:interact_with_smoker":2,"minecraft:fall_one_cm":51993},"minecraft:mined":{"spore:fungal_roots":10,"alexscaves:spelunkery_table":1,"minecraft:spruce_planks":1,"spore:wall_growths_big":28,"spore:wall_growths":16,"minecraft:dark_oak_leaves":10,"minecraft:oak_door":1,"minecraft:jungle_slab":5,"minecraft:cobblestone_stairs":11,"minecraft:jungle_leaves":1,"minecraft:granite":71,"minecraft:chiseled_bookshelf":1,"minecraft:grass_block":24,"minecraft:jungle_planks":8,"minecraft:jungle_log":23,"spore:fungal_stem":13,"minecraft:light_gray_bed":2,"minecraft:brown_mushroom_block":90,"minecraft:birch_slab":1,"spore:growths_small":15,"spore:rotten_planks":1,"minecraft:furnace":2,"spore:blomfung":6,"minecraft:iron_ore":7,"minecraft:barrel":3,"minecraft:orange_stained_glass_pane":2,"minecraft:andesite":8,"spore:growth_mycelium":10,"minecraft:brown_bed":1,"spore:rotten_stair":9,"minecraft:cobblestone_slab":4,"minecraft:vine":3,"minecraft:iron_bars":2,"minecraft:oak_stairs":8,"spore:hive_spawn":1,"spore:biomass_bulb":2,"minecraft:bamboo":2,"minecraft:stone":424,"minecraft:spruce_slab":4,"minecraft:oak_slab":15,"minecraft:quartz_block":16,"minecraft:gray_concrete":9,"minecraft:brown_mushroom":2,"minecraft:jungle_door":5,"minecraft:kelp_plant":1,"minecraft:smoker":4,"spore:growths_big":19,"minecraft:crafting_table":5,"minecraft:torch":2,"minecraft:melon":10,"minecraft:mushroom_stem":19,"minecraft:tall_grass":4,"minecraft:copper_ore":7,"minecraft:cobblestone":35,"minecraft:oak_planks":14,"minecraft:iron_door":1,"minecraft:wall_torch":2,"minecraft:spruce_stairs":2,"minecraft:birch_planks":1,"minecraft:tinted_glass":3,"spore:bloomfung2":30,"minecraft:birch_log":1,"spore:fungal_stem_top":5,"minecraft:grass":12,"minecraft:oak_log":27,"minecraft:coal_ore":75,"minecraft:dirt":13,"spore:hanging_fungal_stem":9,"minecraft:cobweb":4,"minecraft:red_mushroom_block":89,"minecraft:oak_leaves":16,"minecraft:birch_fence":1,"spore:remains":2},"minecraft:broken":{"minecraft:leather_helmet":1,"minecraft:stone_pickaxe":4,"minecraft:stone_axe":3},"minecraft:used":{"minecraft:stone_sword":92,"minecraft:stone_shovel":24,"minecraft:spruce_slab":3,"minecraft:chest":2,"minecraft:shield":12,"minecraft:iron_sword":36,"minecraft:wooden_shovel":5,"minecraft:oak_door":3,"minecraft:torch":22,"minecraft:dirt":15,"minecraft:jungle_planks":2,"minecraft:spruce_stairs":1,"minecraft:jungle_slab":5,"minecraft:jungle_trapdoor":2,"minecraft:jungle_sapling":2,"minecraft:oak_stairs":35,"alexscaves:spelunkery_table":1,"minecraft:jungle_button":12,"minecraft:oak_sapling":9,"minecraft:furnace":3,"tombstone:gift":6,"minecraft:egg":2,"minecraft:light_gray_bed":2,"minecraft:brown_bed":1,"minecraft:cooked_mutton":7,"minecraft:water_bucket":6,"minecraft:cobblestone_stairs":37,"minecraft:birch_planks":4,"minecraft:stone_pickaxe":653,"minecraft:oak_planks":18,"minecraft:wooden_pickaxe":51,"minecraft:jungle_boat":5,"minecraft:oak_slab":7,"minecraft:crafting_table":9,"minecraft:mushroom_stew":8,"minecraft:white_bed":2,"minecraft:apple":2,"minecraft:melon_slice":25,"minecraft:iron_door":1,"minecraft:stone_axe":495,"minecraft:cobblestone":91,"minecraft:porkchop":4,"minecraft:jungle_door":9,"minecraft:cooked_porkchop":4,"minecraft:bucket":7},"minecraft:crafted":{"minecraft:oak_door":3,"minecraft:oak_planks":108,"minecraft:stone_shovel":1,"minecraft:furnace":1,"minecraft:cobblestone_stairs":40,"minecraft:jungle_trapdoor":2,"minecraft:mushroom_stew":9,"minecraft:cooked_mutton":7,"minecraft:stone_pickaxe":6,"minecraft:chest":2,"minecraft:wooden_shovel":1,"minecraft:cooked_porkchop":8,"minecraft:crafting_table":4,"minecraft:jungle_boat":1,"minecraft:wooden_pickaxe":2,"minecraft:bowl":4,"minecraft:bucket":1,"minecraft:birch_planks":4,"minecraft:stone_axe":5,"minecraft:jungle_slab":6,"minecraft:air":0,"minecraft:jungle_planks":84,"minecraft:jungle_door":6,"minecraft:shield":1,"minecraft:stick":44,"minecraft:iron_ingot":4,"minecraft:oak_stairs":28,"minecraft:stone_sword":2,"minecraft:white_bed":2,"minecraft:torch":36},"minecraft:picked_up":{"minecraft:crafting_table":5,"minecraft:cocoa_beans":7,"minecraft:chicken":2,"minecraft:brown_mushroom":27,"minecraft:brown_bed":1,"minecraft:oak_stairs":8,"minecraft:string":5,"minecraft:raw_copper":29,"minecraft:birch_fence":1,"minecraft:spruce_planks":1,"minecraft:beef":6,"minecraft:cobblestone_slab":4,"minecraft:jungle_sapling":2,"minecraft:spruce_slab":3,"minecraft:tinted_glass":3,"minecraft:melon_slice":46,"minecraft:furnace":2,"minecraft:egg":3,"minecraft:dark_oak_sapling":1,"minecraft:stick":23,"minecraft:raw_iron":7,"minecraft:jungle_door":5,"minecraft:oak_door":1,"minecraft:copper_ingot":2,"minecraft:torch":5,"minecraft:spruce_stairs":2,"sophisticatedbackpacks:backpack":1,"minecraft:porkchop":13,"spore:biomass":5,"minecraft:stone_sword":1,"minecraft:quartz_block":16,"minecraft:rotten_flesh":9,"minecraft:arrow":2,"minecraft:light_gray_bed":2,"alexscaves:spelunkery_table":1,"minecraft:mutton":7,"minecraft:iron_bars":2,"minecraft:white_wool":4,"minecraft:cobblestone":480,"minecraft:nautilus_shell":1,"minecraft:birch_log":1,"minecraft:jungle_boat":4,"minecraft:iron_door":1,"minecraft:andesite":8,"minecraft:birch_slab":1,"minecraft:jungle_log":21,"minecraft:leather":5,"minecraft:smoker":4,"minecraft:red_mushroom":37,"minecraft:birch_planks":1,"minecraft:oak_log":27,"minecraft:jungle_button":12,"minecraft:cobblestone_stairs":10,"minecraft:gunpowder":1,"minecraft:gray_concrete":5,"minecraft:dirt":55,"minecraft:apple":1,"minecraft:wheat_seeds":4,"minecraft:iron_ingot":3,"spore:mutated_fiber":23,"minecraft:bamboo":28,"minecraft:oak_planks":14,"minecraft:oak_slab":13,"minecraft:cooked_porkchop":1,"minecraft:jungle_planks":3,"minecraft:barrel":3,"minecraft:jungle_slab":5,"minecraft:leather_helmet":1,"spore:claw_fragment":1,"minecraft:granite":70,"minecraft:oak_sapling":6,"minecraft:coal":67,"minecraft:ender_pearl":1},"minecraft:killed_by":{"spore:busser":4,"minecraft:drowned":4,"spore:inf_player":4,"minecraft:skeleton":1,"spore:brot":1}},"DataVersion":3465}