{"stats":{"minecraft:custom":{"minecraft:interact_with_furnace":2,"minecraft:mob_kills":14,"minecraft:interact_with_crafting_table":23,"minecraft:leave_game":3,"minecraft:time_since_death":10752,"minecraft:climb_one_cm":5946,"minecraft:time_since_rest":10414,"minecraft:sprint_one_cm":173747,"minecraft:damage_taken":1989,"minecraft:walk_one_cm":232222,"minecraft:drop":9,"minecraft:damage_dealt":2443,"minecraft:damage_dealt_absorbed":80,"minecraft:swim_one_cm":45423,"minecraft:fly_one_cm":139956,"minecraft:open_chest":19,"minecraft:crouch_one_cm":1589,"minecraft:play_time":76341,"tombstone:undead_killed":9,"minecraft:deaths":6,"minecraft:sneak_time":803,"minecraft:walk_under_water_one_cm":16224,"minecraft:boat_one_cm":24885,"minecraft:jump":1103,"minecraft:walk_on_water_one_cm":25203,"minecraft:total_world_time":76341,"minecraft:fall_one_cm":22139},"minecraft:killed":{"spore:inf_player":1,"minecraft:zombie":3,"minecraft:drowned":6,"spore:busser":1,"minecraft:cow":3},"minecraft:crafted":{"minecraft:oak_door":3,"minecraft:oak_planks":28,"minecraft:wooden_shovel":1,"minecraft:stone_shovel":1,"minecraft:crafting_table":3,"minecraft:jungle_boat":1,"minecraft:wooden_pickaxe":2,"minecraft:bowl":4,"minecraft:furnace":1,"minecraft:jungle_trapdoor":2,"minecraft:cobblestone_stairs":40,"minecraft:mushroom_stew":9,"minecraft:birch_planks":4,"minecraft:stone_axe":3,"minecraft:jungle_slab":6,"minecraft:jungle_planks":60,"minecraft:jungle_door":3,"minecraft:stick":36,"minecraft:stone_pickaxe":5,"minecraft:stone_sword":1,"minecraft:chest":1,"minecraft:torch":36},"minecraft:mined":{"spore:fungal_roots":1,"spore:wall_growths":5,"spore:wall_growths_big":18,"minecraft:jungle_door":4,"minecraft:dark_oak_leaves":10,"minecraft:oak_door":1,"minecraft:kelp_plant":1,"minecraft:jungle_slab":5,"minecraft:cobblestone_stairs":4,"minecraft:jungle_leaves":1,"spore:growths_big":2,"minecraft:crafting_table":4,"minecraft:torch":2,"minecraft:granite":71,"minecraft:grass_block":12,"minecraft:jungle_planks":8,"minecraft:melon":10,"minecraft:jungle_log":23,"spore:fungal_stem":2,"minecraft:mushroom_stem":19,"minecraft:brown_mushroom_block":90,"minecraft:copper_ore":7,"minecraft:cobblestone":6,"minecraft:birch_slab":1,"spore:growths_small":3,"minecraft:wall_torch":1,"spore:rotten_planks":1,"minecraft:birch_planks":1,"spore:bloomfung2":3,"minecraft:birch_log":1,"minecraft:iron_ore":7,"minecraft:orange_stained_glass_pane":2,"minecraft:andesite":8,"spore:growth_mycelium":1,"spore:rotten_stair":6,"minecraft:grass":2,"minecraft:oak_log":7,"minecraft:coal_ore":74,"minecraft:vine":3,"spore:hive_spawn":1,"minecraft:dirt":10,"spore:hanging_fungal_stem":6,"minecraft:bamboo":2,"minecraft:red_mushroom_block":89,"minecraft:stone":423,"minecraft:oak_leaves":11,"spore:remains":2,"minecraft:birch_fence":1},"minecraft:broken":{"minecraft:stone_pickaxe":3,"minecraft:stone_axe":1},"minecraft:used":{"minecraft:cobblestone_stairs":37,"minecraft:stone_sword":15,"minecraft:birch_planks":4,"minecraft:stone_shovel":24,"minecraft:stone_pickaxe":551,"minecraft:chest":1,"minecraft:wooden_pickaxe":51,"minecraft:wooden_shovel":5,"minecraft:jungle_boat":1,"minecraft:oak_door":3,"minecraft:torch":22,"minecraft:dirt":8,"minecraft:crafting_table":7,"minecraft:mushroom_stew":8,"minecraft:jungle_planks":2,"minecraft:jungle_slab":5,"minecraft:jungle_trapdoor":2,"minecraft:melon_slice":4,"minecraft:stone_axe":325,"minecraft:cobblestone":24,"minecraft:jungle_button":12,"minecraft:furnace":1,"minecraft:jungle_door":6,"tombstone:gift":2},"minecraft:killed_by":{"spore:busser":3,"minecraft:skeleton":1,"minecraft:drowned":1},"minecraft:dropped":{"minecraft:brown_mushroom":9,"minecraft:cobblestone":3,"tombstone:grave_key":1,"minecraft:jungle_door":1,"minecraft:wooden_shovel":1,"minecraft:wooden_pickaxe":2},"minecraft:picked_up":{"minecraft:nautilus_shell":1,"minecraft:birch_log":1,"minecraft:cocoa_beans":7,"minecraft:crafting_table":4,"minecraft:birch_slab":1,"minecraft:andesite":8,"minecraft:jungle_log":21,"minecraft:leather":5,"minecraft:brown_mushroom":25,"minecraft:red_mushroom":37,"minecraft:birch_planks":1,"minecraft:jungle_button":12,"minecraft:oak_log":7,"minecraft:gunpowder":1,"minecraft:cobblestone_stairs":3,"minecraft:dirt":21,"minecraft:raw_copper":29,"minecraft:birch_fence":1,"minecraft:beef":6,"spore:mutated_fiber":6,"minecraft:jungle_sapling":2,"minecraft:bamboo":28,"minecraft:melon_slice":46,"minecraft:egg":1,"minecraft:dark_oak_sapling":1,"minecraft:stick":17,"minecraft:raw_iron":7,"minecraft:jungle_door":4,"minecraft:oak_door":1,"minecraft:copper_ingot":1,"minecraft:torch":3,"sophisticatedbackpacks:backpack":1,"minecraft:jungle_planks":3,"minecraft:jungle_slab":5,"minecraft:leather_helmet":1,"spore:claw_fragment":1,"minecraft:rotten_flesh":4,"minecraft:granite":70,"minecraft:oak_sapling":3,"minecraft:coal":66,"minecraft:cobblestone":431}},"DataVersion":3465}