{"stats":{"minecraft:dropped":{"minecraft:cobblestone":39,"minecraft:wooden_shovel":1,"minecraft:wooden_pickaxe":1},"minecraft:custom":{"minecraft:mob_kills":12,"minecraft:interact_with_crafting_table":3,"minecraft:open_barrel":1,"minecraft:time_since_death":9147,"minecraft:sleep_in_bed":2,"minecraft:time_since_rest":8952,"minecraft:sprint_one_cm":83555,"minecraft:damage_taken":1357,"minecraft:walk_one_cm":118708,"minecraft:drop":3,"minecraft:damage_dealt":3291,"minecraft:swim_one_cm":6226,"minecraft:fly_one_cm":130343,"minecraft:player_kills":1,"minecraft:open_chest":12,"minecraft:crouch_one_cm":5374,"minecraft:play_time":29186,"tombstone:undead_killed":6,"minecraft:deaths":4,"minecraft:sneak_time":2033,"minecraft:walk_under_water_one_cm":247,"minecraft:jump":578,"minecraft:walk_on_water_one_cm":3285,"minecraft:total_world_time":29186,"minecraft:fall_one_cm":9752},"minecraft:killed_by":{"minecraft:skeleton":2,"minecraft:creeper":1,"spore:leaper":1},"minecraft:picked_up":{"minecraft:birch_log":6,"spore:mutated_heart":1,"minecraft:flower_pot":1,"iceandfire:ectoplasm":1,"minecraft:dirt":32,"minecraft:red_bed":3,"minecraft:bone":2,"minecraft:iron_ingot":2,"minecraft:tinted_glass":2,"spore:biomass_block":4,"minecraft:stick":1,"spore:cerebrum":2,"minecraft:quartz_block":10,"minecraft:stone_sword":1,"minecraft:rotten_flesh":4,"minecraft:oak_sapling":1,"minecraft:iron_bars":2,"minecraft:cobblestone":65},"minecraft:killed":{"spore:inf_player":1,"spore:inf_pillager":1,"minecraft:zombie":4,"spore:inf_human":1,"iceandfire:ghost":2,"spore:lacerator":1,"spore:inf_husk":1},"minecraft:used":{"minecraft:stone_sword":50,"minecraft:stone_pickaxe":93,"spore:biomass_block":4,"minecraft:wooden_pickaxe":18,"minecraft:iron_sword":19,"minecraft:wooden_shovel":24,"minecraft:dirt":57,"minecraft:crafting_table":1,"minecraft:red_bed":3,"minecraft:bread":1,"minecraft:quartz_block":8,"minecraft:stone_axe":426,"minecraft:cobblestone":20,"tombstone:gift":2},"minecraft:mined":{"spore:fungal_roots":6,"spore:wall_growths_big":45,"minecraft:quartz_block":10,"spore:wall_growths":48,"minecraft:red_bed":3,"spore:growths_big":96,"minecraft:grass_block":6,"spore:fungal_stem":66,"minecraft:cobblestone":5,"spore:biomass_block":4,"spore:growths_small":71,"spore:mycelium_veins":3,"minecraft:birch_log":6,"minecraft:tinted_glass":2,"spore:bloomfung2":197,"spore:blomfung":1,"spore:growth_mycelium":120,"spore:fungal_stem_top":5,"spore:rotten_stair":1,"minecraft:grass":3,"minecraft:iron_bars":2,"minecraft:dirt":26,"spore:hanging_fungal_stem":2,"minecraft:stone":66,"spore:rooted_mycelium":1,"minecraft:oak_leaves":2,"minecraft:daylight_detector":1},"minecraft:crafted":{"minecraft:wooden_shovel":1,"minecraft:crafting_table":1,"minecraft:wooden_pickaxe":1,"minecraft:birch_planks":24,"minecraft:stone_axe":1,"minecraft:stick":8,"minecraft:stone_pickaxe":1}},"DataVersion":3465}