{"stats":{"minecraft:picked_up":{"spore:incubator":3,"spore:mutated_heart":7,"minecraft:iron_trapdoor":1,"minecraft:flower_pot":1,"minecraft:diamond_sword":1,"minecraft:enchanted_book":1,"minecraft:birch_button":1,"tombstone:grave_key":1,"minecraft:waxed_cut_copper_slab":11,"minecraft:string":4,"spore:innards":1,"minecraft:dark_oak_trapdoor":3,"minecraft:iron_leggings":2,"minecraft:smooth_stone":2,"minecraft:cobbled_deepslate":5,"minecraft:spruce_planks":10,"minecraft:waxed_exposed_cut_copper":5,"minecraft:iron_pickaxe":2,"minecraft:smooth_quartz":2,"minecraft:crimson_sign":5,"minecraft:dark_oak_door":3,"minecraft:tipped_arrow":2,"minecraft:stick":1,"minecraft:torch":1,"spore:biomass":12,"tombstone:grave_dust":9,"minecraft:cauldron":2,"minecraft:waxed_cut_copper_stairs":1,"minecraft:quartz_block":29,"minecraft:stone_sword":1,"minecraft:rotten_flesh":13,"minecraft:waxed_cut_copper":17,"minecraft:iron_bars":2,"minecraft:cobblestone":65,"minecraft:birch_log":27,"minecraft:cooked_beef":1,"minecraft:stripped_spruce_wood":30,"minecraft:warped_trapdoor":1,"minecraft:wither_skeleton_skull":1,"minecraft:gray_concrete":11,"minecraft:dirt":33,"minecraft:lantern":1,"minecraft:bone":37,"minecraft:bow":2,"minecraft:dark_oak_sign":1,"minecraft:moss_block":3,"spore:biomass_block":9,"minecraft:oak_planks":2,"minecraft:black_terracotta":19,"spore:cerebrum":5,"minecraft:red_sandstone_wall":1,"spore:armor_fragment":13,"minecraft:dark_prismarine":89,"spore:claw_fragment":32,"minecraft:bundle":1,"minecraft:polished_andesite":1,"minecraft:dark_prismarine_slab":3,"minecraft:dispenser":2,"minecraft:diamond":1,"minecraft:lever":1,"minecraft:emerald":10,"minecraft:oak_sapling":1,"minecraft:waxed_oxidized_cut_copper":7,"iceandfire:witherbone":1,"minecraft:ladder":6,"minecraft:crimson_trapdoor":3,"minecraft:red_bed":8,"minecraft:flint_and_steel":1,"minecraft:compass":1,"minecraft:item_frame":5,"spore:rotten_planks":1,"minecraft:dark_prismarine_stairs":9,"minecraft:cyan_wool":15,"minecraft:player_head":5,"minecraft:tinted_glass":3,"sophisticatedbackpacks:backpack":1,"minecraft:dark_oak_planks":7,"minecraft:arrow":43,"minecraft:saddle":1,"minecraft:black_banner":1,"spore:zoaholic":2,"minecraft:crimson_slab":1,"minecraft:mud_bricks":56,"minecraft:packed_mud":15,"minecraft:oak_log":46,"iceandfire:ectoplasm":2,"minecraft:gunpowder":3,"minecraft:gray_carpet":4,"minecraft:iron_ingot":2,"spore:mutated_fiber":39,"minecraft:mangrove_planks":1,"minecraft:iron_sword":1,"minecraft:dark_oak_stairs":3,"minecraft:book":3,"minecraft:dark_oak_slab":1,"minecraft:milk_bucket":1,"minecraft:daylight_detector":3,"minecraft:mud_brick_wall":7,"minecraft:spider_eye":1,"minecraft:honey_block":3,"minecraft:diamond_axe":2,"minecraft:waxed_oxidized_cut_copper_slab":1,"tombstone:magic_scroll":1,"minecraft:coal":28},"minecraft:killed_by":{"minecraft:wither_skeleton":1,"spore:volatile":1,"minecraft:creeper":2,"spore:inf_human":3,"spore:inquisitor":1,"minecraft:ravager":1,"spore:inf_pillager":1,"spore:inf_player":3,"spore:inf_husk":1,"minecraft:zombie":10,"alexsmobs:grizzly_bear":1,"spore:wendigo":2,"spore:leaper":1,"spore:busser":3,"minecraft:skeleton":28},"minecraft:killed":{"spore:inf_hazmat":5,"spore:braiomil":1,"minecraft:spider":3,"spore:leaper":1,"minecraft:skeleton":39,"spore:inf_player":5,"minecraft:creeper":3,"spore:inf_villager":2,"minecraft:zombie":18,"spore:inf_human":16,"spore:lacerator":1,"spore:knight":1,"spore:thorn":1,"spore:inf_pillager":3,"iceandfire:ghost":3,"spore:busser":1,"spore:inf_husk":4,"minecraft:wither_skeleton":1},"minecraft:broken":{"minecraft:diamond_helmet":1,"minecraft:diamond_boots":1,"minecraft:iron_sword":1,"minecraft:diamond_chestplate":1,"minecraft:diamond_leggings":1,"minecraft:shield":1,"minecraft:iron_helmet":1},"minecraft:custom":{"minecraft:interact_with_crafting_table":18,"minecraft:open_barrel":55,"minecraft:eat_cake_slice":1,"minecraft:leave_game":2,"minecraft:time_since_death":4781,"minecraft:sprint_one_cm":600364,"minecraft:damage_blocked_by_shield":1905,"minecraft:drop":111,"minecraft:play_noteblock":6,"minecraft:play_time":224083,"minecraft:deaths":61,"minecraft:jump":3156,"minecraft:walk_on_water_one_cm":11247,"minecraft:interact_with_cartography_table":1,"minecraft:sleep_in_bed":11,"minecraft:open_enderchest":2,"minecraft:damage_dealt":20869,"minecraft:player_kills":1,"minecraft:crouch_one_cm":32129,"tombstone:undead_killed":61,"minecraft:interact_with_smoker":6,"minecraft:inspect_dispenser":1,"minecraft:interact_with_smithing_table":2,"minecraft:mob_kills":111,"minecraft:climb_one_cm":25658,"minecraft:walk_one_cm":649644,"minecraft:damage_dealt_absorbed":42,"minecraft:sneak_time":15713,"minecraft:walk_under_water_one_cm":23338,"minecraft:total_world_time":224083,"minecraft:tune_noteblock":2,"minecraft:time_since_rest":4080,"minecraft:damage_taken":22986,"minecraft:damage_absorbed":460,"minecraft:swim_one_cm":17812,"minecraft:fly_one_cm":595186,"minecraft:open_chest":69,"minecraft:fall_one_cm":79366},"minecraft:dropped":{"minecraft:daylight_detector":1,"minecraft:iron_sword":1,"spore:biomass_block":2,"minecraft:oak_log":64,"minecraft:mangrove_planks":1,"minecraft:red_sandstone_wall":1,"minecraft:item_frame":4,"minecraft:gray_concrete":3,"minecraft:crimson_trapdoor":2,"minecraft:dispenser":2,"minecraft:dark_oak_trapdoor":1,"minecraft:iron_pickaxe":3,"minecraft:waxed_cut_copper_slab":5,"minecraft:dark_oak_door":2,"minecraft:stone_axe":1,"minecraft:birch_sapling":1,"minecraft:black_terracotta":2,"minecraft:waxed_oxidized_cut_copper_slab":1,"minecraft:tipped_arrow":2,"minecraft:ladder":6,"minecraft:birch_button":1,"minecraft:arrow":2,"minecraft:wheat_seeds":1,"minecraft:cobblestone":39,"minecraft:golden_apple":8,"minecraft:stick":1,"minecraft:polished_andesite":1,"minecraft:warped_trapdoor":1,"minecraft:mud_brick_wall":9,"minecraft:iron_trapdoor":1,"tombstone:grave_key":2,"minecraft:crimson_sign":5,"minecraft:iron_leggings":2,"minecraft:iron_axe":1,"spore:mutated_heart":3,"minecraft:smooth_stone":2,"minecraft:string":3,"spore:claw_fragment":7,"minecraft:gray_carpet":2,"minecraft:dark_prismarine_stairs":4,"spore:cerebrum":2,"spore:mutated_fiber":2,"minecraft:waxed_exposed_cut_copper":1,"minecraft:cyan_wool":10,"minecraft:mud_bricks":3,"minecraft:flower_pot":1,"minecraft:crimson_slab":1,"minecraft:waxed_cut_copper":3,"minecraft:spruce_planks":1,"minecraft:oak_sapling":1,"minecraft:wooden_shovel":1,"minecraft:bow":2,"minecraft:wooden_pickaxe":1},"minecraft:crafted":{"minecraft:oak_planks":76,"minecraft:diamond_helmet":1,"minecraft:diamond_leggings":1,"minecraft:wooden_shovel":1,"minecraft:diamond_axe":1,"minecraft:crafting_table":2,"minecraft:spruce_planks":32,"minecraft:wooden_pickaxe":1,"minecraft:birch_planks":108,"minecraft:shield":1,"sophisticatedbackpacks:diamond_backpack":1,"minecraft:stick":40,"minecraft:iron_pickaxe":2,"minecraft:diamond":18,"minecraft:iron_axe":2,"minecraft:stone_pickaxe":1,"minecraft:diamond_boots":1,"sophisticatedbackpacks:iron_backpack":1,"sophisticatedbackpacks:gold_backpack":1,"minecraft:stone_axe":1,"minecraft:torch":36,"minecraft:diamond_chestplate":1},"minecraft:used":{"minecraft:moss_block":3,"minecraft:waxed_exposed_cut_copper":2,"spore:biomass_block":5,"minecraft:chest":2,"minecraft:shield":13,"minecraft:iron_sword":252,"minecraft:cyan_wool":6,"minecraft:milk_bucket":1,"minecraft:honey_block":3,"minecraft:lantern":1,"minecraft:packed_mud":8,"minecraft:quartz_block":29,"spore:rotten_planks":1,"minecraft:bow":59,"minecraft:dark_prismarine_stairs":5,"minecraft:dark_oak_stairs":1,"minecraft:wither_skeleton_skull":1,"minecraft:stone_pickaxe":176,"minecraft:gray_carpet":2,"minecraft:oak_planks":66,"minecraft:wooden_pickaxe":18,"minecraft:diamond_axe":220,"minecraft:golden_apple":13,"minecraft:black_banner":1,"minecraft:gray_concrete":8,"minecraft:black_terracotta":17,"minecraft:lever":1,"minecraft:bread":17,"tombstone:grave_key":17,"minecraft:waxed_cut_copper_stairs":1,"minecraft:iron_bars":2,"minecraft:stone_sword":50,"minecraft:flint_and_steel":5,"spore:zoaholic":1,"minecraft:spruce_planks":22,"minecraft:tinted_glass":3,"minecraft:wooden_shovel":24,"minecraft:torch":7,"spore:incubator":2,"minecraft:dirt":58,"minecraft:dark_oak_planks":6,"minecraft:waxed_cut_copper":12,"minecraft:iron_axe":76,"minecraft:smooth_quartz":2,"minecraft:mud_bricks":47,"minecraft:golden_carrot":18,"minecraft:waxed_cut_copper_slab":1,"tombstone:gift":5,"minecraft:iron_leggings":1,"minecraft:water_bucket":24,"minecraft:birch_planks":87,"minecraft:waxed_oxidized_cut_copper":6,"minecraft:crafting_table":2,"minecraft:dark_prismarine_slab":2,"minecraft:red_bed":8,"minecraft:dark_oak_door":1,"minecraft:oak_log":5,"minecraft:dark_prismarine":49,"minecraft:diamond_pickaxe":75,"minecraft:iron_pickaxe":243,"minecraft:stone_axe":475,"minecraft:cobblestone":20,"minecraft:potion":1,"minecraft:mud_brick_wall":3,"minecraft:bucket":25},"minecraft:mined":{"minecraft:dark_oak_planks":13,"minecraft:dark_prismarine_stairs":8,"minecraft:waxed_cut_copper_slab":5,"spore:fungal_roots":19,"minecraft:spruce_planks":2,"spore:wall_growths":66,"minecraft:black_terracotta":17,"minecraft:cave_vines_plant":2,"minecraft:grass_block":6,"spore:fungal_stem":79,"spore:infested_laboratory_block2":1,"minecraft:mud_bricks":52,"minecraft:mud_brick_wall":3,"minecraft:spawner":14,"minecraft:smooth_stone":1,"spore:mycelium_veins":3,"minecraft:dark_oak_trapdoor":4,"minecraft:fire":5,"spore:growth_mycelium":130,"minecraft:green_stained_glass":1,"minecraft:dark_oak_stairs":3,"minecraft:cave_vines":9,"minecraft:iron_bars":2,"spore:zoaholic":2,"minecraft:spruce_slab":2,"minecraft:waxed_cut_copper":13,"minecraft:waxed_cut_copper_stairs":1,"minecraft:quartz_block":36,"minecraft:red_bed":7,"spore:growths_big":103,"minecraft:note_block":3,"spore:biomass_block":7,"minecraft:cobblestone":5,"minecraft:oak_planks":16,"minecraft:wall_torch":1,"minecraft:iron_door":1,"minecraft:cauldron":2,"minecraft:cyan_wool":6,"minecraft:dark_oak_slab":1,"minecraft:birch_log":6,"minecraft:tinted_glass":9,"minecraft:grass":3,"minecraft:oak_log":1,"minecraft:dirt":27,"spore:hanging_fungal_stem":12,"minecraft:dispenser":1,"spore:rooted_mycelium":1,"minecraft:piston":2,"minecraft:oak_leaves":2,"minecraft:deepslate":7,"minecraft:daylight_detector":2,"spore:remains":1,"minecraft:dark_prismarine":92,"spore:wall_growths_big":78,"minecraft:deepslate_diamond_ore":1,"minecraft:moss_block":2,"spore:growths_small":82,"spore:rotten_planks":2,"minecraft:waxed_oxidized_cut_copper":7,"minecraft:packed_mud":17,"spore:blomfung":8,"minecraft:waxed_oxidized_cut_copper_slab":2,"spore:rotten_stair":1,"spore:biomass_bulb":6,"minecraft:stone":66,"minecraft:gray_concrete":12,"minecraft:honey_block":4,"minecraft:deepslate_coal_ore":28,"minecraft:birch_planks":1,"minecraft:stripped_spruce_wood":31,"spore:bloomfung2":240,"spore:incubator":3,"minecraft:mangrove_planks":1,"minecraft:dark_prismarine_slab":2,"spore:fungal_stem_top":11,"minecraft:red_sandstone_wall":3,"minecraft:gray_carpet":4,"minecraft:stripped_acacia_wood":2,"minecraft:polished_andesite":1,"minecraft:small_dripleaf":1,"minecraft:waxed_exposed_cut_copper":6,"minecraft:deepslate_emerald_ore":10,"minecraft:iron_trapdoor":1}},"DataVersion":3465}