{"stats":{"minecraft:custom":{"minecraft:mob_kills":19,"minecraft:interact_with_crafting_table":26,"minecraft:leave_game":3,"minecraft:time_since_death":2937,"minecraft:climb_one_cm":6750,"minecraft:sprint_one_cm":201696,"minecraft:walk_one_cm":259344,"minecraft:damage_blocked_by_shield":240,"minecraft:drop":13,"minecraft:damage_dealt_absorbed":80,"minecraft:play_time":100341,"minecraft:deaths":12,"minecraft:sneak_time":1029,"minecraft:walk_under_water_one_cm":25496,"minecraft:boat_one_cm":344287,"minecraft:jump":1411,"minecraft:walk_on_water_one_cm":41444,"minecraft:total_world_time":100341,"minecraft:interact_with_furnace":6,"minecraft:time_since_rest":2062,"minecraft:damage_taken":4047,"minecraft:damage_dealt":3754,"minecraft:swim_one_cm":96634,"minecraft:player_kills":1,"minecraft:fly_one_cm":169004,"minecraft:open_chest":22,"minecraft:crouch_one_cm":1771,"tombstone:undead_killed":10,"minecraft:fall_one_cm":29827},"minecraft:killed":{"minecraft:drowned":7,"minecraft:pig":2,"spore:inf_player":3,"minecraft:zombie":3,"spore:busser":1,"minecraft:cow":3},"minecraft:crafted":{"minecraft:oak_door":3,"minecraft:oak_planks":28,"minecraft:stone_shovel":1,"minecraft:furnace":1,"minecraft:cobblestone_stairs":40,"minecraft:jungle_trapdoor":2,"minecraft:mushroom_stew":9,"minecraft:stone_pickaxe":5,"minecraft:chest":1,"minecraft:wooden_shovel":1,"minecraft:crafting_table":4,"minecraft:jungle_boat":1,"minecraft:wooden_pickaxe":2,"minecraft:bowl":4,"minecraft:bucket":1,"minecraft:birch_planks":4,"minecraft:stone_axe":4,"minecraft:jungle_slab":6,"minecraft:air":0,"minecraft:jungle_planks":84,"minecraft:jungle_door":3,"minecraft:shield":1,"minecraft:stick":40,"minecraft:iron_ingot":4,"minecraft:stone_sword":1,"minecraft:torch":36},"minecraft:broken":{"minecraft:leather_helmet":1,"minecraft:stone_pickaxe":3,"minecraft:stone_axe":2},"minecraft:mined":{"spore:fungal_roots":1,"spore:wall_growths_big":18,"spore:wall_growths":5,"minecraft:dark_oak_leaves":10,"minecraft:oak_door":1,"minecraft:jungle_slab":5,"minecraft:cobblestone_stairs":4,"minecraft:jungle_leaves":1,"minecraft:granite":71,"minecraft:grass_block":12,"minecraft:jungle_planks":8,"minecraft:jungle_log":23,"spore:fungal_stem":2,"minecraft:brown_mushroom_block":90,"minecraft:birch_slab":1,"spore:growths_small":3,"spore:rotten_planks":1,"minecraft:furnace":1,"minecraft:iron_ore":7,"minecraft:orange_stained_glass_pane":2,"minecraft:andesite":8,"spore:growth_mycelium":1,"spore:rotten_stair":6,"minecraft:vine":3,"spore:hive_spawn":1,"minecraft:bamboo":2,"minecraft:stone":424,"minecraft:jungle_door":4,"minecraft:kelp_plant":1,"spore:growths_big":2,"minecraft:crafting_table":5,"minecraft:torch":2,"minecraft:melon":10,"minecraft:mushroom_stem":19,"minecraft:copper_ore":7,"minecraft:cobblestone":6,"minecraft:wall_torch":1,"minecraft:birch_planks":1,"minecraft:birch_log":1,"spore:bloomfung2":3,"minecraft:grass":2,"minecraft:coal_ore":75,"minecraft:oak_log":7,"minecraft:dirt":10,"spore:hanging_fungal_stem":6,"minecraft:red_mushroom_block":89,"minecraft:oak_leaves":11,"minecraft:birch_fence":1,"spore:remains":2},"minecraft:used":{"minecraft:stone_sword":15,"minecraft:stone_shovel":24,"minecraft:chest":1,"minecraft:shield":2,"minecraft:wooden_shovel":5,"minecraft:oak_door":3,"minecraft:torch":22,"minecraft:dirt":8,"minecraft:jungle_planks":2,"minecraft:jungle_slab":5,"minecraft:jungle_trapdoor":2,"minecraft:jungle_button":12,"minecraft:furnace":1,"tombstone:gift":6,"minecraft:cobblestone_stairs":37,"minecraft:birch_planks":4,"minecraft:stone_pickaxe":554,"minecraft:wooden_pickaxe":51,"minecraft:jungle_boat":2,"minecraft:crafting_table":8,"minecraft:mushroom_stew":8,"minecraft:apple":1,"minecraft:melon_slice":22,"minecraft:stone_axe":345,"minecraft:cobblestone":28,"minecraft:jungle_door":6,"minecraft:bucket":1},"minecraft:killed_by":{"spore:busser":4,"minecraft:drowned":4,"spore:inf_player":1,"minecraft:skeleton":1,"spore:brot":1},"minecraft:dropped":{"minecraft:iron_ingot":1,"minecraft:brown_mushroom":9,"minecraft:cobblestone":3,"minecraft:granite":64,"tombstone:grave_key":1,"minecraft:melon_slice":21,"minecraft:jungle_door":1,"minecraft:andesite":8,"minecraft:wooden_shovel":1,"minecraft:wooden_pickaxe":2},"minecraft:picked_up":{"minecraft:cocoa_beans":7,"minecraft:crafting_table":5,"minecraft:brown_mushroom":25,"minecraft:raw_copper":29,"minecraft:birch_fence":1,"minecraft:beef":6,"minecraft:jungle_sapling":2,"minecraft:melon_slice":46,"minecraft:egg":1,"minecraft:furnace":1,"minecraft:dark_oak_sapling":1,"minecraft:stick":17,"minecraft:raw_iron":7,"minecraft:jungle_door":4,"minecraft:oak_door":1,"minecraft:copper_ingot":2,"minecraft:torch":3,"sophisticatedbackpacks:backpack":1,"minecraft:porkchop":5,"minecraft:rotten_flesh":7,"minecraft:cobblestone":432,"minecraft:nautilus_shell":1,"minecraft:birch_log":1,"minecraft:jungle_boat":2,"minecraft:jungle_log":21,"minecraft:birch_slab":1,"minecraft:andesite":8,"minecraft:leather":5,"minecraft:red_mushroom":37,"minecraft:birch_planks":1,"minecraft:oak_log":7,"minecraft:jungle_button":12,"minecraft:cobblestone_stairs":3,"minecraft:gunpowder":1,"minecraft:dirt":21,"minecraft:iron_ingot":3,"spore:mutated_fiber":6,"minecraft:bamboo":28,"minecraft:jungle_planks":3,"minecraft:jungle_slab":5,"minecraft:leather_helmet":1,"spore:claw_fragment":1,"minecraft:granite":70,"minecraft:oak_sapling":3,"minecraft:coal":67}},"DataVersion":3465}