{
  "dungeons_arise:wda_root": {
    "criteria": {
      "WDA": "2024-11-10 04:08:12 +0000"
    },
    "done": true
  },
  "dungeons_arise:find_small_blimp": {
    "criteria": {
      "location0": "2024-11-10 04:09:16 +0000"
    },
    "done": true
  },
  "inventorypets:root": {
    "criteria": {
      "auto": "2024-11-10 04:08:14 +0000"
    },
    "done": true
  },
  "tombstone:adventure/root": {
    "criteria": {
      "auto": "2024-11-10 04:08:14 +0000"
    },
    "done": true
  },
  "cataclysm:root": {
    "criteria": {
      "custom_test_name": "2024-11-10 04:08:12 +0000"
    },
    "done": true
  },
  "minecraft:adventure/adventuring_time": {
    "criteria": {
      "minecraft:snowy_plains": "2024-11-10 04:08:14 +0000",
      "minecraft:dripstone_caves": "2024-11-10 04:10:11 +0000"
    },
    "done": false
  },
  "DataVersion": 3120
}